,微博正文,点赞数,转发数,评论数,附图,附链接,TAG,明星,清洗正文
0,在每一个当下，选择不消极不埋怨，每一个决定和选择都全力以赴;在每一次的工作中找到自己的乐趣，这就够了。至少自己尽力了，不是吗[组图共9张]原图,0,0,1,"<re.Match object; span=(62, 71), match='[组图共9张]原图'>",[],[],[],在每一个当下，选择不消极不埋怨，每一个决定和选择都全力以赴;在每一次的工作中找到自己的乐趣，这就够了。至少自己尽力了，不是吗
1,#肖战最好的你[超话]##肖战顾魏#肖战顾魏#肖战余生请多指教#肖战余生请多指教3.21肖战敏而好学，肖战仪表堂堂，肖战温文尔雅，肖战谦谦君子，肖战玉树临风，肖战乐于助人，肖战气宇轩昂，肖战光明磊落，肖战博学多才，肖战脚踏实地，肖战堂堂正正，肖战问心无愧，肖战襟怀坦荡，肖战勇往直前，肖战不骄不躁，肖战顺顺利利，肖战越来越好！@X玖少年团肖战DAYTOY原图,0,0,12,"<re.Match object; span=(177, 179), match='原图'>",[],"['肖战最好的你[超话]', '肖战顾魏', '肖战余生请多指教']",['@X玖少年团肖战DAYTOY'],肖战顾魏肖战余生请多指教3.21肖战敏而好学，肖战仪表堂堂，肖战温文尔雅，肖战谦谦君子，肖战玉树临风，肖战乐于助人，肖战气宇轩昂，肖战光明磊落，肖战博学多才，肖战脚踏实地，肖战堂堂正正，肖战问心无愧，肖战襟怀坦荡，肖战勇往直前，肖战不骄不躁，肖战顺顺利利，肖战越来越好！@X玖少年团肖战DAYTOY
2,转发理由:期待#肖战余生请多指教##肖战顾魏#原始用户:心碎却着迷转发内容:#肖战[超话]##余生请多指教#余生请多指教什么时候来？顾医生什么时候来？我太期待肖战了啊啊啊啊#肖战余生请多指教#[组图共9张]原图,1,0,0,"<re.Match object; span=(96, 105), match='[组图共9张]原图'>",[],"['肖战余生请多指教', '肖战顾魏', '肖战[超话]', '余生请多指教', '肖战余生请多指教']",[],转发理由:期待原始用户:心碎却着迷转发内容:余生请多指教什么时候来？顾医生什么时候来？我太期待肖战了啊啊啊啊
3,转发理由:期待#肖战顾魏##肖战余生请多指教#原始用户:拔萝卜虾虾团转发内容:#余生请多指教#xz#肖战顾魏#@X玖少年团肖战DAYTOY因为有你，余生欢喜肖战顾魏，余生请多指教电视剧余生请多指教的微博视频,1,0,0,,[],"['肖战顾魏', '肖战余生请多指教', '余生请多指教', '肖战顾魏']",['@X玖少年团肖战DAYTOY'],转发理由:期待原始用户:拔萝卜虾虾团转发内容:xz@X玖少年团肖战DAYTOY因为有你，余生欢喜肖战顾魏，余生请多指教电视剧余生请多指教的微博视频
4,转发理由:期待#余生请多指教##肖战顾魏#原始用户:1005号肥虾饲养部转发内容:#余生请多指教#xz#肖战顾魏#“我知道自己拥有的太有限，不希望生命终了的时候心中空旷；现在和你一起相偕老去，即使没有遍走天下。”顾医生，未来请多指教吖@X玖少年团肖战DAYTOY肖战全平台安利组的微博视频,1,0,1,,[],"['余生请多指教', '肖战顾魏', '余生请多指教', '肖战顾魏']",['@X玖少年团肖战DAYTOY'],转发理由:期待原始用户:1005号肥虾饲养部转发内容:xz“我知道自己拥有的太有限，不希望生命终了的时候心中空旷；现在和你一起相偕老去，即使没有遍走天下。”顾医生，未来请多指教吖@X玖少年团肖战DAYTOY肖战全平台安利组的微博视频
5,转发理由:致敬英雄城市，期待演员肖战！//@X玖少年团肖战DAYTOY:“致敬英雄城市，共享美好生活，#如梦之梦武汉公益场#见！”原始用户:央华戏剧转发内容:#如梦之梦武汉公益场#致敬英雄城市，共享美好生活；4月22日，保利·央华舞台剧《如梦之梦》武汉公益专场演出正式官宣！“共建明天，神州九城”央华版#如梦之梦#九周年市场演出行动演员阵容及巡演城市公布！[组图共2张]原图,0,0,0,"<re.Match object; span=(178, 187), match='[组图共2张]原图'>",[],"['如梦之梦武汉公益场', '如梦之梦武汉公益场', '如梦之梦']",['@X玖少年团肖战DAYTOY'],转发理由:致敬英雄城市，期待演员肖战！//@X玖少年团肖战DAYTOY:“致敬英雄城市，共享美好生活，见！”原始用户:央华戏剧转发内容:致敬英雄城市，共享美好生活；4月22日，保利·央华舞台剧《如梦之梦》武汉公益专场演出正式官宣！“共建明天，神州九城”央华版九周年市场演出行动演员阵容及巡演城市公布！
6,转发理由:致敬英雄城市，期待演员肖战//@X玖少年团肖战DAYTOY:“致敬英雄城市，共享美好生活，#如梦之梦武汉公益场#见！”原始用户:央华戏剧转发内容:#如梦之梦武汉公益场#致敬英雄城市，共享美好生活；4月22日，保利·央华舞台剧《如梦之梦》武汉公益专场演出正式官宣！“共建明天，神州九城”央华版#如梦之梦#九周年市场演出行动演员阵容及巡演城市公布！[组图共2张]原图,0,0,0,"<re.Match object; span=(177, 186), match='[组图共2张]原图'>",[],"['如梦之梦武汉公益场', '如梦之梦武汉公益场', '如梦之梦']",['@X玖少年团肖战DAYTOY'],转发理由:致敬英雄城市，期待演员肖战//@X玖少年团肖战DAYTOY:“致敬英雄城市，共享美好生活，见！”原始用户:央华戏剧转发内容:致敬英雄城市，共享美好生活；4月22日，保利·央华舞台剧《如梦之梦》武汉公益专场演出正式官宣！“共建明天，神州九城”央华版九周年市场演出行动演员阵容及巡演城市公布！
7,转发理由:#苏战[超话]#鲨虾了原始用户:RedBalloon丨肖战转发内容:𝟐𝟏𝟎𝟐𝟐𝟖𝐊@X玖少年团肖战DAYTOYRedBalloon丨肖战的微博视频,0,0,0,,[],['苏战[超话]'],['@X玖少年团肖战DAYTOY'],转发理由:鲨虾了原始用户:RedBalloon丨肖战转发内容:𝟐𝟏𝟎𝟐𝟐𝟖𝐊@X玖少年团肖战DAYTOYRedBalloon丨肖战的微博视频
8,"在每一个当下，选择不消极不埋怨，每一个决定和选择都全力以赴;在每一次的工作中找到自己的乐趣，这就够了。至少自己尽力了，不是吗弱者易怒如虎，强者平静如水！岁月静好是片刻,一地鸡毛是日常，面对生活、工作，我们也会以这样的心态向阳而生[组图共9张]原图",1,0,0,"<re.Match object; span=(114, 123), match='[组图共9张]原图'>",[],[],[],"在每一个当下，选择不消极不埋怨，每一个决定和选择都全力以赴;在每一次的工作中找到自己的乐趣，这就够了。至少自己尽力了，不是吗弱者易怒如虎，强者平静如水！岁月静好是片刻,一地鸡毛是日常，面对生活、工作，我们也会以这样的心态向阳而生"
9,#肖战最好的你[超话]##肖战参演如梦之梦#肖战参演如梦之梦#如梦之梦九周年#如梦之梦九周年3.20肖战帅气又才华横溢，我好喜欢肖战！话剧《如梦之梦》官宣了肖战将出演剧中的五号病人。为肖战高兴了！能在话剧舞台上展示自己的实力并与同行、前辈们交流切磋，想想都觉得兴奋！他真的对演戏由衷地热爱啊！不仅演技和台词功力日益精进，还接受了话剧舞台表演的挑战。肖战，你不屈不挠的努力和向阳而生的决心，我们都看在眼里，记在心上！期待舞台上熠熠生辉的你带来的惊喜！@X玖少年团肖战DAYTOY原图,1,0,25,"<re.Match object; span=(238, 240), match='原图'>",[],"['肖战最好的你[超话]', '肖战参演如梦之梦', '如梦之梦九周年']",['@X玖少年团肖战DAYTOY'],肖战参演如梦之梦如梦之梦九周年3.20肖战帅气又才华横溢，我好喜欢肖战！话剧《如梦之梦》官宣了肖战将出演剧中的五号病人。为肖战高兴了！能在话剧舞台上展示自己的实力并与同行、前辈们交流切磋，想想都觉得兴奋！他真的对演戏由衷地热爱啊！不仅演技和台词功力日益精进，还接受了话剧舞台表演的挑战。肖战，你不屈不挠的努力和向阳而生的决心，我们都看在眼里，记在心上！期待舞台上熠熠生辉的你带来的惊喜！@X玖少年团肖战DAYTOY
10,"弱者易怒如虎，强者平静如水！岁月静好是片刻,一地鸡毛是日常面对生活、工作，我们也会以这样的心态向阳而生[组图共9张]原图",0,0,0,"<re.Match object; span=(51, 60), match='[组图共9张]原图'>",[],[],[],"弱者易怒如虎，强者平静如水！岁月静好是片刻,一地鸡毛是日常面对生活、工作，我们也会以这样的心态向阳而生"
11,保持炙热，坚持下去或许前路未必是光明坦荡但也一定充满无限可能热爱可抵岁月漫长彼此保护从来不是说说而已让我们一起变成更好的人吧成为彼此的骄傲[组图共9张]原图,0,0,0,"<re.Match object; span=(69, 78), match='[组图共9张]原图'>",[],[],[],保持炙热，坚持下去或许前路未必是光明坦荡但也一定充满无限可能热爱可抵岁月漫长彼此保护从来不是说说而已让我们一起变成更好的人吧成为彼此的骄傲
12,浮生若梦，岁月如歌漫漫其修远兮，吾将上下求索或许前路也未必坦荡与你携手共济依然可以观前路锦绣！祈无恙山河[组图共9张]原图,0,0,0,"<re.Match object; span=(52, 61), match='[组图共9张]原图'>",[],[],[],浮生若梦，岁月如歌漫漫其修远兮，吾将上下求索或许前路也未必坦荡与你携手共济依然可以观前路锦绣！祈无恙山河
13,转发理由:#肖战参演如梦之梦#破界跨界闯世界。预祝一切顺利，期待演员肖战原始用户:X玖少年团肖战DAYTOY转发内容:#如梦之梦九周年#，看见自己，肖战，走进五号。@央华戏剧X玖少年团肖战DAYTOY的微博视频,0,0,0,,[],"['肖战参演如梦之梦', '如梦之梦九周年']",[],转发理由:破界跨界闯世界。预祝一切顺利，期待演员肖战原始用户:X玖少年团肖战DAYTOY转发内容:，看见自己，肖战，走进五号。@央华戏剧X玖少年团肖战DAYTOY的微博视频
14,再书一千又五句牵挂，他渡众生谁渡他，演过诸多别样人生的他。想要哪种啊，爱恨廉价似苍苍蒹葭。云开处吻他伤疤，破万枷散馀霞众相皆渡他。或许他曾也愿望，行走成凡俗模样。破碎伤口藏心下，咽苦嚼痛笑说来路漫长。愿人生如戏开挂，金手指要眷顾他。任世事人心复杂，仍系皎月丹心于白大褂！爱意跌撞进俗世熙攘，借月当心事几行。告诉照亮浮沉人间的他，是目光中央。满腔赤忱任年月走马，万岁千山一个他。歌风雅戏入画自渡尘嚣上。[组图共9张]原图,0,0,2,"<re.Match object; span=(200, 209), match='[组图共9张]原图'>",[],[],[],再书一千又五句牵挂，他渡众生谁渡他，演过诸多别样人生的他。想要哪种啊，爱恨廉价似苍苍蒹葭。云开处吻他伤疤，破万枷散馀霞众相皆渡他。或许他曾也愿望，行走成凡俗模样。破碎伤口藏心下，咽苦嚼痛笑说来路漫长。愿人生如戏开挂，金手指要眷顾他。任世事人心复杂，仍系皎月丹心于白大褂！爱意跌撞进俗世熙攘，借月当心事几行。告诉照亮浮沉人间的他，是目光中央。满腔赤忱任年月走马，万岁千山一个他。歌风雅戏入画自渡尘嚣上。
15,转发理由:期待原始用户:X玖少年团肖战DAYTOY转发内容:#如梦之梦九周年#，看见自己，肖战，走进五号。@央华戏剧X玖少年团肖战DAYTOY的微博视频,0,0,0,,[],['如梦之梦九周年'],[],转发理由:期待原始用户:X玖少年团肖战DAYTOY转发内容:，看见自己，肖战，走进五号。@央华戏剧X玖少年团肖战DAYTOY的微博视频
16,转发理由:加油//@X玖少年团肖战DAYTOY:“致敬英雄城市，共享美好生活，#如梦之梦武汉公益场#见！”原始用户:央华戏剧转发内容:#如梦之梦武汉公益场#致敬英雄城市，共享美好生活；4月22日，保利·央华舞台剧《如梦之梦》武汉公益专场演出正式官宣！“共建明天，神州九城”央华版#如梦之梦#九周年市场演出行动演员阵容及巡演城市公布！[组图共2张]原图,0,0,0,"<re.Match object; span=(166, 175), match='[组图共2张]原图'>",[],"['如梦之梦武汉公益场', '如梦之梦武汉公益场', '如梦之梦']",['@X玖少年团肖战DAYTOY'],转发理由:加油//@X玖少年团肖战DAYTOY:“致敬英雄城市，共享美好生活，见！”原始用户:央华戏剧转发内容:致敬英雄城市，共享美好生活；4月22日，保利·央华舞台剧《如梦之梦》武汉公益专场演出正式官宣！“共建明天，神州九城”央华版九周年市场演出行动演员阵容及巡演城市公布！
17,落笔一千零五句情话，合笺将念想赠他。有人给他举伞吗，他的愿都实现了吗。爱恨廉价似苍苍蒹葭，历尽千帆仍无瑕。纵风煞毁如麻佑众相渡他！一路滚打肃杀，扮龙套亦自洽，从海报边步步撞入画。也饰众生挣扎，酣畅难自拔。苦艾后劲皆贪共与他，那少年身仗狼牙。唇角藏意气风发，拂雪看人间坦荡。烈风驭下且把狂云驯驾，抬眼波一身风华。辨不清谁染韶光，年少成名万鬼怕。望光亮两世皆行走潇洒！再书一千又五句牵挂，他渡众生谁渡他，演过诸多别样人生的他。想要哪种啊，爱恨廉价似苍苍蒹葭。云开处吻他伤疤，破万枷散馀霞众相皆渡他。或许他曾也愿望，行走成凡俗模样。破碎伤口藏心下，咽苦嚼痛笑说来路漫长。愿人生如戏开挂，金手指要眷顾他。任世事人心复杂，仍系皎月丹心于白大褂！爱意跌撞进俗世熙攘，借月当心事几行。告诉照亮浮沉人间的他，是目光中央。满腔赤忱任年月走马，万岁千山一个他。歌风雅戏入画自渡尘嚣上。[组图共9张]原图,0,0,0,"<re.Match object; span=(382, 391), match='[组图共9张]原图'>",[],[],[],落笔一千零五句情话，合笺将念想赠他。有人给他举伞吗，他的愿都实现了吗。爱恨廉价似苍苍蒹葭，历尽千帆仍无瑕。纵风煞毁如麻佑众相渡他！一路滚打肃杀，扮龙套亦自洽，从海报边步步撞入画。也饰众生挣扎，酣畅难自拔。苦艾后劲皆贪共与他，那少年身仗狼牙。唇角藏意气风发，拂雪看人间坦荡。烈风驭下且把狂云驯驾，抬眼波一身风华。辨不清谁染韶光，年少成名万鬼怕。望光亮两世皆行走潇洒！再书一千又五句牵挂，他渡众生谁渡他，演过诸多别样人生的他。想要哪种啊，爱恨廉价似苍苍蒹葭。云开处吻他伤疤，破万枷散馀霞众相皆渡他。或许他曾也愿望，行走成凡俗模样。破碎伤口藏心下，咽苦嚼痛笑说来路漫长。愿人生如戏开挂，金手指要眷顾他。任世事人心复杂，仍系皎月丹心于白大褂！爱意跌撞进俗世熙攘，借月当心事几行。告诉照亮浮沉人间的他，是目光中央。满腔赤忱任年月走马，万岁千山一个他。歌风雅戏入画自渡尘嚣上。
18,保持炙热，坚持下去或许前路未必是光明坦荡但也一定充满无限可能热爱可抵岁月漫长彼此保护从来不是说说而已让我们一起变成更好的人吧成为彼此的骄傲[组图共9张]原图,0,0,0,"<re.Match object; span=(69, 78), match='[组图共9张]原图'>",[],[],[],保持炙热，坚持下去或许前路未必是光明坦荡但也一定充满无限可能热爱可抵岁月漫长彼此保护从来不是说说而已让我们一起变成更好的人吧成为彼此的骄傲
19,转发理由:原始用户:一菜二白转发内容:感受一下肖战食指戴上戒指的手~好苏~细节到手指都是完美的#肖战#xz#肖战顾魏#@X玖少年团肖战DAYTOY[组图共9张]原图,0,0,0,"<re.Match object; span=(73, 82), match='[组图共9张]原图'>",[],"['肖战', '肖战顾魏']",['@X玖少年团肖战DAYTOY'],转发理由:原始用户:一菜二白转发内容:感受一下肖战食指戴上戒指的手~好苏~细节到手指都是完美的xz@X玖少年团肖战DAYTOY
20,转发理由:原始用户:1005号肥虾饲养部转发内容:#斗罗大陆超长花絮#还有《策马正少年》录音现场幕后花絮快来看看认真工作的三哥@X玖少年团肖战DAYTOY《策马正少年》肖战侧拍版MV任艰难险阻无畏挑战,0,0,0,,[],['斗罗大陆超长花絮'],['@X玖少年团肖战DAYTOY'],转发理由:原始用户:1005号肥虾饲养部转发内容:还有《策马正少年》录音现场幕后花絮快来看看认真工作的三哥@X玖少年团肖战DAYTOY《策马正少年》肖战侧拍版MV任艰难险阻无畏挑战
21,#肖战最好的你[超话]#3.19互#肖战顾魏#xz#肖战余生请多指教#肖战顾魏肖战余生请多指教肖战非常非常非常帅，肖战演技好，肖战唱歌棒，肖战人品好，肖战最温柔，热爱可抵岁月漫长，永远爱你@X玖少年团肖战DAYTOY原图,1,0,30,"<re.Match object; span=(108, 110), match='原图'>",[],"['肖战最好的你[超话]', '肖战顾魏', '肖战余生请多指教']",['@X玖少年团肖战DAYTOY'],3.19互xz肖战顾魏肖战余生请多指教肖战非常非常非常帅，肖战演技好，肖战唱歌棒，肖战人品好，肖战最温柔，热爱可抵岁月漫长，永远爱你@X玖少年团肖战DAYTOY
22,保持炙热，坚持下去或许前路未必是光明坦荡但也一定充满无限可能热爱可抵岁月漫长彼此保护从来不是说说而已让我们一起变成更好的人吧成为彼此的骄傲。不骄不躁戒熬夜，破界跨界闯世界礼貌、克制就是我的真实所有的一切都是未知的，我们能做好的就只有当下哪怕房檐跟屋梁把生活压得再低，它还是有另外一片天空的希望每一个努力工作的人难道不值得表扬吗[组图共9张]原图,0,0,0,"<re.Match object; span=(163, 172), match='[组图共9张]原图'>",[],[],[],保持炙热，坚持下去或许前路未必是光明坦荡但也一定充满无限可能热爱可抵岁月漫长彼此保护从来不是说说而已让我们一起变成更好的人吧成为彼此的骄傲。不骄不躁戒熬夜，破界跨界闯世界礼貌、克制就是我的真实所有的一切都是未知的，我们能做好的就只有当下哪怕房檐跟屋梁把生活压得再低，它还是有另外一片天空的希望每一个努力工作的人难道不值得表扬吗
23,转发理由:啊啊啊啊啊啊啊啊啊啊啊//@一菜二白:哥哥的眼睛是长钩子了吧？//@-下午我在旧居烧信:世俗的愿望我也不只一天两天了🚬//@你也追巨星吗:我最近对他世俗的欲望真的很强烈🚬原始用户:-下午我在旧居烧信转发内容:#肖战#点开DY真的倒吸一口气😫[组图共2张]原图,0,0,0,"<re.Match object; span=(125, 134), match='[组图共2张]原图'>",[],['肖战'],[],转发理由:啊啊啊啊啊啊啊啊啊啊啊//@一菜二白:哥哥的眼睛是长钩子了吧？//@-下午我在旧居烧信:世俗的愿望我也不只一天两天了🚬//@你也追巨星吗:我最近对他世俗的欲望真的很强烈🚬原始用户:-下午我在旧居烧信转发内容:点开DY真的倒吸一口气😫
24,冬日寒风吹起满屏风霜黑墨泼在白色的纸张远方的聒噪熙熙攘攘你的光只是被落叶遮挡春日树梢拂过你的脸庞你微笑面对虚空的张狂那刺目的刀峰明晃晃带不走你眼中的希望那隐藏在深处恶意的欢畅挡不住振翅高飞的梦想迎着黎明后那道霞光总能退散所有欲望肮脏没有人能夺走你的远方星星的光点指引着心房彼此保护不是说说就好道阻且长我们一起徜徉没有人能夺走你的远方就像鸽子总要追着太阳这岁月漫长用热爱丈量看着夕阳我们来日方长冬日寒风吹起满屏风霜黑墨泼在白色的纸张远方的聒噪熙熙攘攘你的光只是被落叶遮挡春日树梢拂过你的脸庞你微笑面对虚空的张狂那刺目的刀峰明晃晃带不走你眼中的希望那隐藏在深处恶意的欢畅挡不住振翅高飞的梦想迎着黎明后那道霞光总能退散所有欲望肮脏没有人能夺走你的远方星星的光点指引着心房彼此保护不是说说就好道阻且长我们一起徜徉没有人能夺走你的远方就像鸽子总要追着太阳这岁月漫长用热爱丈量看着夕阳我们来日方长蒲公英在天空中飞翔还要多久才能撒满希望你看那夏已至王子终会披上戎装没有人能夺走你的远方星星的光点指引着心房彼此保护不是说说就好道阻且长我们一起徜徉没有人能夺走你的远方就像鸽子总要追着太阳这岁月漫长用热爱丈量[组图共9张]原图,0,0,0,"<re.Match object; span=(495, 504), match='[组图共9张]原图'>",[],[],[],冬日寒风吹起满屏风霜黑墨泼在白色的纸张远方的聒噪熙熙攘攘你的光只是被落叶遮挡春日树梢拂过你的脸庞你微笑面对虚空的张狂那刺目的刀峰明晃晃带不走你眼中的希望那隐藏在深处恶意的欢畅挡不住振翅高飞的梦想迎着黎明后那道霞光总能退散所有欲望肮脏没有人能夺走你的远方星星的光点指引着心房彼此保护不是说说就好道阻且长我们一起徜徉没有人能夺走你的远方就像鸽子总要追着太阳这岁月漫长用热爱丈量看着夕阳我们来日方长冬日寒风吹起满屏风霜黑墨泼在白色的纸张远方的聒噪熙熙攘攘你的光只是被落叶遮挡春日树梢拂过你的脸庞你微笑面对虚空的张狂那刺目的刀峰明晃晃带不走你眼中的希望那隐藏在深处恶意的欢畅挡不住振翅高飞的梦想迎着黎明后那道霞光总能退散所有欲望肮脏没有人能夺走你的远方星星的光点指引着心房彼此保护不是说说就好道阻且长我们一起徜徉没有人能夺走你的远方就像鸽子总要追着太阳这岁月漫长用热爱丈量看着夕阳我们来日方长蒲公英在天空中飞翔还要多久才能撒满希望你看那夏已至王子终会披上戎装没有人能夺走你的远方星星的光点指引着心房彼此保护不是说说就好道阻且长我们一起徜徉没有人能夺走你的远方就像鸽子总要追着太阳这岁月漫长用热爱丈量
25,转发理由://@itsashou_:老公真厉害原始用户:一条南极的鱼转发内容:#肖战#｜#钱苏一刻#[组图共4张]原图,0,0,0,"<re.Match object; span=(50, 59), match='[组图共4张]原图'>",[],"['肖战', '钱苏一刻']",[],转发理由://@itsashou_:老公真厉害原始用户:一条南极的鱼转发内容:｜
26,转发理由:原始用户:有钱浅浅转发内容:#肖战#要命了要命了，怼脸！大怼脸！！肖战啊！！！太帅了！！！我承受不住了@X玖少年团肖战DAYTOY#我喜欢肖战#有钱浅浅的微博视频,0,0,0,,[],"['肖战', '我喜欢肖战']",['@X玖少年团肖战DAYTOY'],转发理由:原始用户:有钱浅浅转发内容:要命了要命了，怼脸！大怼脸！！肖战啊！！！太帅了！！！我承受不住了@X玖少年团肖战DAYTOY有钱浅浅的微博视频
27,转发理由:再凑个人头，反正也得不到@全世界最最最好吃的小面包@为战而笑X@温暖治愈的巨兔原始用户:东方卫视番茄台转发内容:#番茄福利社##番茄同学会#叮咚～肖战@X玖少年团肖战DAYTOY亲笔签名照请查收，关注@东方卫视番茄台+转赞评本条微博+艾特你的三位好友，即有机会获得！番茄君将于3月20日（周六）17:00通过@微博抽奖平台，抽出一位小飞侠送出福利。想要就赶快参与吧~番茄惊喜不停，下周还会继续哦～抽奖详情原图,0,0,0,"<re.Match object; span=(207, 209), match='原图'>",[],"['番茄福利社', '番茄同学会']",['@X玖少年团肖战DAYTOY'],转发理由:再凑个人头，反正也得不到@全世界最最最好吃的小面包@为战而笑X@温暖治愈的巨兔原始用户:东方卫视番茄台转发内容:叮咚～肖战@X玖少年团肖战DAYTOY亲笔签名照请查收，关注@东方卫视番茄台+转赞评本条微博+艾特你的三位好友，即有机会获得！番茄君将于3月20日（周六）17:00通过@微博抽奖平台，抽出一位小飞侠送出福利。想要就赶快参与吧~番茄惊喜不停，下周还会继续哦～抽奖详情
28,转发理由:凑个人头，反正也得不到@全世界最最最好吃的小面包@Love安xz然@为战而笑X原始用户:东方卫视番茄台转发内容:#番茄福利社##番茄同学会#叮咚～肖战@X玖少年团肖战DAYTOY亲笔签名照请查收，关注@东方卫视番茄台+转赞评本条微博+艾特你的三位好友，即有机会获得！番茄君将于3月20日（周六）17:00通过@微博抽奖平台，抽出一位小飞侠送出福利。想要就赶快参与吧~番茄惊喜不停，下周还会继续哦～抽奖详情原图,0,1,1,"<re.Match object; span=(207, 209), match='原图'>",[],"['番茄福利社', '番茄同学会']",['@X玖少年团肖战DAYTOY'],转发理由:凑个人头，反正也得不到@全世界最最最好吃的小面包@Love安xz然@为战而笑X原始用户:东方卫视番茄台转发内容:叮咚～肖战@X玖少年团肖战DAYTOY亲笔签名照请查收，关注@东方卫视番茄台+转赞评本条微博+艾特你的三位好友，即有机会获得！番茄君将于3月20日（周六）17:00通过@微博抽奖平台，抽出一位小飞侠送出福利。想要就赶快参与吧~番茄惊喜不停，下周还会继续哦～抽奖详情
29,众相渡他落笔一千零五句情话，合笺将念想赠他。有人给他举伞吗，他的愿都实现了吗。爱恨廉价似苍苍蒹葭，历尽千帆仍无瑕。纵风煞毁如麻佑众相渡他！一路滚打肃杀，扮龙套亦自洽，从海报边步步撞入画。也饰众生挣扎，酣畅难自拔。苦艾后劲皆贪共与他，那少年身仗狼牙。唇角藏意气风发，拂雪看人间坦荡。烈风驭下且把狂云驯驾，抬眼波一身风华。辨不清谁染韶光，年少成名万鬼怕。望光亮两世皆行走潇洒！[组图共9张]原图,0,0,0,"<re.Match object; span=(186, 195), match='[组图共9张]原图'>",[],[],[],众相渡他落笔一千零五句情话，合笺将念想赠他。有人给他举伞吗，他的愿都实现了吗。爱恨廉价似苍苍蒹葭，历尽千帆仍无瑕。纵风煞毁如麻佑众相渡他！一路滚打肃杀，扮龙套亦自洽，从海报边步步撞入画。也饰众生挣扎，酣畅难自拔。苦艾后劲皆贪共与他，那少年身仗狼牙。唇角藏意气风发，拂雪看人间坦荡。烈风驭下且把狂云驯驾，抬眼波一身风华。辨不清谁染韶光，年少成名万鬼怕。望光亮两世皆行走潇洒！
30,转发理由:帅哥就是要怼脸拍原始用户:你该美丽中带着刺转发内容:#肖战##肖战我喜欢你#你好，@肖战工作室请整点这种给我看看#肖战顾魏#[组图共9张]原图,0,0,0,"<re.Match object; span=(67, 76), match='[组图共9张]原图'>",[],"['肖战', '肖战我喜欢你', '肖战顾魏']",[],转发理由:帅哥就是要怼脸拍原始用户:你该美丽中带着刺转发内容:你好，@肖战工作室请整点这种给我看看
31,落笔一千零五句情话，合笺将念想赠他。有人给他举伞吗，他的愿都实现了吗。爱恨廉价似苍苍蒹葭，历尽千帆仍无瑕。纵风煞毁如麻佑众相渡他！一路滚打肃杀，扮龙套亦自洽，从海报边步步撞入画。也饰众生挣扎，酣畅难自拔。苦艾后劲皆贪共与他，那少年身仗狼牙。唇角藏意气风发，拂雪看人间坦荡。烈风驭下且把狂云驯驾，抬眼波一身风华。辨不清谁染韶光，年少成名万鬼怕。望光亮两世皆行走潇洒！再书一千又五句牵挂，他渡众生谁渡他，演过诸多别样人生的他。想要哪种啊，爱恨廉价似苍苍蒹葭。云开处吻他伤疤，破万枷散馀霞众相皆渡他。或许他曾也愿望，行走成凡俗模样。破碎伤口藏心下，咽苦嚼痛笑说来路漫长。愿人生如戏开挂，金手指要眷顾他。任世事人心复杂，仍系皎月丹心于白大褂！爱意跌撞进俗世熙攘，借月当心事几行。告诉照亮浮沉人间的他，是目光中央。满腔赤忱任年月走马，万岁千山一个他。歌风雅戏入画自渡尘嚣上。[组图共9张]原图,1,0,0,"<re.Match object; span=(382, 391), match='[组图共9张]原图'>",[],[],[],落笔一千零五句情话，合笺将念想赠他。有人给他举伞吗，他的愿都实现了吗。爱恨廉价似苍苍蒹葭，历尽千帆仍无瑕。纵风煞毁如麻佑众相渡他！一路滚打肃杀，扮龙套亦自洽，从海报边步步撞入画。也饰众生挣扎，酣畅难自拔。苦艾后劲皆贪共与他，那少年身仗狼牙。唇角藏意气风发，拂雪看人间坦荡。烈风驭下且把狂云驯驾，抬眼波一身风华。辨不清谁染韶光，年少成名万鬼怕。望光亮两世皆行走潇洒！再书一千又五句牵挂，他渡众生谁渡他，演过诸多别样人生的他。想要哪种啊，爱恨廉价似苍苍蒹葭。云开处吻他伤疤，破万枷散馀霞众相皆渡他。或许他曾也愿望，行走成凡俗模样。破碎伤口藏心下，咽苦嚼痛笑说来路漫长。愿人生如戏开挂，金手指要眷顾他。任世事人心复杂，仍系皎月丹心于白大褂！爱意跌撞进俗世熙攘，借月当心事几行。告诉照亮浮沉人间的他，是目光中央。满腔赤忱任年月走马，万岁千山一个他。歌风雅戏入画自渡尘嚣上。
32,#肖战最好的你[超话]##肖战顾魏#肖战顾魏#肖战余生请多指教#肖战余生请多指教3.18[兔子]肖战可可爱爱，肖战仪表堂堂，肖战温文尔雅，肖战谦谦君子，肖战玉树临风，肖战唱歌棒，肖战很暖心，肖战人品好，肖战有礼貌，肖战非常敬业，肖战平安顺遂，肖战未来可期，肖战星途璀璨，肖战越来越好@X玖少年团肖战DAYTOY原图,0,0,30,"<re.Match object; span=(155, 157), match='原图'>",[],"['肖战最好的你[超话]', '肖战顾魏', '肖战余生请多指教']",['@X玖少年团肖战DAYTOY'],肖战顾魏肖战余生请多指教3.18[兔子]肖战可可爱爱，肖战仪表堂堂，肖战温文尔雅，肖战谦谦君子，肖战玉树临风，肖战唱歌棒，肖战很暖心，肖战人品好，肖战有礼貌，肖战非常敬业，肖战平安顺遂，肖战未来可期，肖战星途璀璨，肖战越来越好@X玖少年团肖战DAYTOY
33,驭风你就像溪流宁静风铃在响阳光摇晃像夏风路过我身旁漫天星辉为你永悬为你夜夜长为你闪烁着耀眼的光回眸一望在我眼中落下星芒得以窥见你的身旁藏着荣光它正来得漫长回眸一望在我心头留下星芒得以窥见少年首昂仿似仙郎不可肖想也曾与诽骂中伤傲骨抵抗保护对方许下承诺从未轻妄真心护航你的泪都交付我珍藏为你永筑爱的乌托邦当逐天光岁岁步步如愿以偿幸运尽兴不遇跌宕一路坦荡驭风扶摇直上[组图共9张]原图,0,0,0,"<re.Match object; span=(180, 189), match='[组图共9张]原图'>",[],[],[],驭风你就像溪流宁静风铃在响阳光摇晃像夏风路过我身旁漫天星辉为你永悬为你夜夜长为你闪烁着耀眼的光回眸一望在我眼中落下星芒得以窥见你的身旁藏着荣光它正来得漫长回眸一望在我心头留下星芒得以窥见少年首昂仿似仙郎不可肖想也曾与诽骂中伤傲骨抵抗保护对方许下承诺从未轻妄真心护航你的泪都交付我珍藏为你永筑爱的乌托邦当逐天光岁岁步步如愿以偿幸运尽兴不遇跌宕一路坦荡驭风扶摇直上
34,转发理由:原始用户:江喃而已转发内容:和肖战的结婚现场色链@昨日他梦_#肖战人间烟火气天上神仙颜#江喃而已的微博视频,0,0,0,,[],['肖战人间烟火气天上神仙颜'],[],转发理由:原始用户:江喃而已转发内容:和肖战的结婚现场色链@昨日他梦_江喃而已的微博视频
35,转发理由:原始用户:呆桃燚转发内容:#出场必出彩#从舞台到荧幕，从歌手到演员。肖战从未停止努力。向阳而生，不忘初心。期待歌手、演员肖战更多的优秀作品！#肖战#[组图共9张]原图,0,0,0,"<re.Match object; span=(79, 88), match='[组图共9张]原图'>",[],"['出场必出彩', '肖战']",[],转发理由:原始用户:呆桃燚转发内容:从舞台到荧幕，从歌手到演员。肖战从未停止努力。向阳而生，不忘初心。期待歌手、演员肖战更多的优秀作品！
36,众相渡他落笔一千零五句情话，合笺将念想赠他。有人给他举伞吗，他的愿都实现了吗。爱恨廉价似苍苍蒹葭，历尽千帆仍无瑕。纵风煞毁如麻佑众相渡他！爱意跌撞进俗世熙攘，借月当心事几行。告诉照亮浮沉人间的他，是目光中央。满腔赤忱任年月走马，万岁千山一个他。歌风雅戏入画自渡尘嚣上。[组图共9张]原图,0,0,0,"<re.Match object; span=(134, 143), match='[组图共9张]原图'>",[],[],[],众相渡他落笔一千零五句情话，合笺将念想赠他。有人给他举伞吗，他的愿都实现了吗。爱恨廉价似苍苍蒹葭，历尽千帆仍无瑕。纵风煞毁如麻佑众相渡他！爱意跌撞进俗世熙攘，借月当心事几行。告诉照亮浮沉人间的他，是目光中央。满腔赤忱任年月走马，万岁千山一个他。歌风雅戏入画自渡尘嚣上。
37,你就像溪流宁静风铃在响阳光摇晃像夏风路过我身旁漫天星辉为你永悬为你夜夜长为你闪烁着耀眼的光回眸一望在我眼中落下星芒得以窥见你的身旁藏着荣光它正来得漫长回眸一望在我心头留下星芒得以窥见少年首昂仿似仙郎不可肖想也曾与诽骂中伤傲骨抵抗保护对方许下承诺从未轻妄真心护航你的泪都交付我珍藏为你永筑爱的乌托邦当逐天光岁岁步步如愿以偿幸运尽兴不遇跌宕一路坦荡驭风扶摇直上当逐天光岁岁步步如愿以偿幸运尽兴再无荒唐光芒万丈潇洒漂亮曾几何时追逐着的那缕梦想如今正被阳光照亮锋芒难藏困途亦难阻挡再祝此生风光无泪少年愿偿总有阳光将你照亮前路坦荡再无风霜[组图共9张]原图,0,0,0,"<re.Match object; span=(264, 273), match='[组图共9张]原图'>",[],[],[],你就像溪流宁静风铃在响阳光摇晃像夏风路过我身旁漫天星辉为你永悬为你夜夜长为你闪烁着耀眼的光回眸一望在我眼中落下星芒得以窥见你的身旁藏着荣光它正来得漫长回眸一望在我心头留下星芒得以窥见少年首昂仿似仙郎不可肖想也曾与诽骂中伤傲骨抵抗保护对方许下承诺从未轻妄真心护航你的泪都交付我珍藏为你永筑爱的乌托邦当逐天光岁岁步步如愿以偿幸运尽兴不遇跌宕一路坦荡驭风扶摇直上当逐天光岁岁步步如愿以偿幸运尽兴再无荒唐光芒万丈潇洒漂亮曾几何时追逐着的那缕梦想如今正被阳光照亮锋芒难藏困途亦难阻挡再祝此生风光无泪少年愿偿总有阳光将你照亮前路坦荡再无风霜
38,#肖战最好的你[超话]##肖战顾魏#肖战顾魏#肖战余生请多指教#肖战余生请多指教3.17肖战敏而好学，肖战仪表堂堂，肖战温文尔雅，肖战谦谦君子，肖战玉树临风，肖战气宇轩昂，肖战光明磊落，肖战博学多才，肖战脚踏实地，肖战堂堂正正，肖战襟怀坦荡，肖战勇往直前，肖战不骄不躁，肖战顺顺利利，肖战福运常伴，肖战越来越好@X玖少年团肖战DAYTOY原图,3,0,48,"<re.Match object; span=(169, 171), match='原图'>",[],"['肖战最好的你[超话]', '肖战顾魏', '肖战余生请多指教']",['@X玖少年团肖战DAYTOY'],肖战顾魏肖战余生请多指教3.17肖战敏而好学，肖战仪表堂堂，肖战温文尔雅，肖战谦谦君子，肖战玉树临风，肖战气宇轩昂，肖战光明磊落，肖战博学多才，肖战脚踏实地，肖战堂堂正正，肖战襟怀坦荡，肖战勇往直前，肖战不骄不躁，肖战顺顺利利，肖战福运常伴，肖战越来越好@X玖少年团肖战DAYTOY
39,众相渡他落笔一千零五句情话，合笺将念想赠他。有人给他举伞吗，他的愿都实现了吗。爱恨廉价似苍苍蒹葭，历尽千帆仍无瑕。纵风煞毁如麻佑众相渡他！[组图共9张]原图,0,0,0,"<re.Match object; span=(69, 78), match='[组图共9张]原图'>",[],[],[],众相渡他落笔一千零五句情话，合笺将念想赠他。有人给他举伞吗，他的愿都实现了吗。爱恨廉价似苍苍蒹葭，历尽千帆仍无瑕。纵风煞毁如麻佑众相渡他！
40,转发理由:毕业快乐//@itsashou_:去发现自己的潜力，去创造属于自己的世界。唐三@X玖少年团肖战DAYTOY毕业快乐，不说再见！#肖战唐三#原始用户:X玖少年团肖战DAYTOY转发内容:万物有灵，当温柔以待。去发现自己的潜力，去创造属于自己的世界。无论结果是什么，我都会向阳而生。谢谢每一位工作人员，谢谢唐三你带给我的一切，再见了！[组图共9张]原图,0,0,0,"<re.Match object; span=(170, 179), match='[组图共9张]原图'>",[],['肖战唐三'],['@X玖少年团肖战DAYTOY'],转发理由:毕业快乐//@itsashou_:去发现自己的潜力，去创造属于自己的世界。唐三@X玖少年团肖战DAYTOY毕业快乐，不说再见！原始用户:X玖少年团肖战DAYTOY转发内容:万物有灵，当温柔以待。去发现自己的潜力，去创造属于自己的世界。无论结果是什么，我都会向阳而生。谢谢每一位工作人员，谢谢唐三你带给我的一切，再见了！
41,落笔一千零五句情话，合笺将念想赠他。有人给他举伞吗，他的愿都实现了吗。爱恨廉价似苍苍蒹葭，历尽千帆仍无瑕。纵风煞毁如麻佑众相渡他！一路滚打肃杀，扮龙套亦自洽，从海报边步步撞入画。也饰众生挣扎，酣畅难自拔。苦艾后劲皆贪共与他，那少年身仗狼牙。唇角藏意气风发，拂雪看人间坦荡。烈风驭下且把狂云驯驾，抬眼波一身风华。辨不清谁染韶光，年少成名万鬼怕。望光亮两世皆行走潇洒！再书一千又五句牵挂，他渡众生谁渡他，演过诸多别样人生的他。想要哪种啊，爱恨廉价似苍苍蒹葭。云开处吻他伤疤，破万枷散馀霞众相皆渡他。或许他曾也愿望，行走成凡俗模样。破碎伤口藏心下，咽苦嚼痛笑说来路漫长。愿人生如戏开挂，金手指要眷顾他。任世事人心复杂，仍系皎月丹心于白大褂！爱意跌撞进俗世熙攘，借月当心事几行。告诉照亮浮沉人间的他，是目光中央。满腔赤忱任年月走马，万岁千山一个他。歌风雅戏入画自渡尘嚣上。[组图共9张]原图,0,0,0,"<re.Match object; span=(382, 391), match='[组图共9张]原图'>",[],[],[],落笔一千零五句情话，合笺将念想赠他。有人给他举伞吗，他的愿都实现了吗。爱恨廉价似苍苍蒹葭，历尽千帆仍无瑕。纵风煞毁如麻佑众相渡他！一路滚打肃杀，扮龙套亦自洽，从海报边步步撞入画。也饰众生挣扎，酣畅难自拔。苦艾后劲皆贪共与他，那少年身仗狼牙。唇角藏意气风发，拂雪看人间坦荡。烈风驭下且把狂云驯驾，抬眼波一身风华。辨不清谁染韶光，年少成名万鬼怕。望光亮两世皆行走潇洒！再书一千又五句牵挂，他渡众生谁渡他，演过诸多别样人生的他。想要哪种啊，爱恨廉价似苍苍蒹葭。云开处吻他伤疤，破万枷散馀霞众相皆渡他。或许他曾也愿望，行走成凡俗模样。破碎伤口藏心下，咽苦嚼痛笑说来路漫长。愿人生如戏开挂，金手指要眷顾他。任世事人心复杂，仍系皎月丹心于白大褂！爱意跌撞进俗世熙攘，借月当心事几行。告诉照亮浮沉人间的他，是目光中央。满腔赤忱任年月走马，万岁千山一个他。歌风雅戏入画自渡尘嚣上。
42,转发理由:毕业快乐，下次再见//@itsashou_:恭喜三哥，毕业快乐，不说再见，唐三真的很棒！希望有个明星可以和三哥你一样有开挂的人生原始用户:X玖少年团肖战DAYTOY转发内容:万物有灵，当温柔以待。去发现自己的潜力，去创造属于自己的世界。无论结果是什么，我都会向阳而生。谢谢每一位工作人员，谢谢唐三你带给我的一切，再见了！[组图共9张]原图,0,0,0,"<re.Match object; span=(165, 174), match='[组图共9张]原图'>",[],[],[],转发理由:毕业快乐，下次再见//@itsashou_:恭喜三哥，毕业快乐，不说再见，唐三真的很棒！希望有个明星可以和三哥你一样有开挂的人生原始用户:X玖少年团肖战DAYTOY转发内容:万物有灵，当温柔以待。去发现自己的潜力，去创造属于自己的世界。无论结果是什么，我都会向阳而生。谢谢每一位工作人员，谢谢唐三你带给我的一切，再见了！
43,#肖战最好的你[超话]##肖战告别斗罗大陆#肖战告别斗罗大陆#肖战唐三#肖战唐三唐三毕业快乐！！我们的懵懂少年成长成为了有领导者风范的强者无惧前方冒险共赴青春热血有幸看到唐三的故事暂告一段落了不说再见期待重逢～祝贺肖战唐三毕业啦一起成长，共同进步啊@X玖少年团肖战DAYTOY原图,1,1,43,"<re.Match object; span=(138, 140), match='原图'>",[],"['肖战最好的你[超话]', '肖战告别斗罗大陆', '肖战唐三']",['@X玖少年团肖战DAYTOY'],肖战告别斗罗大陆肖战唐三唐三毕业快乐！！我们的懵懂少年成长成为了有领导者风范的强者无惧前方冒险共赴青春热血有幸看到唐三的故事暂告一段落了不说再见期待重逢～祝贺肖战唐三毕业啦一起成长，共同进步啊@X玖少年团肖战DAYTOY
44,转发理由://@呆桃燚:哇！43亿，完美收官！！感谢@CCTV电视剧、@腾讯视频。“亿陆”相伴，感谢有你。肖战唐三好棒！！！#肖战斗罗大陆#xz#肖战唐三#@X玖少年团肖战DAYTOY原始用户:电视剧斗罗大陆转发内容:#电视剧斗罗大陆##电视剧斗罗大陆收官#央视@CCTV电视剧，@腾讯视频43亿完美收官史兰客七怪无畏风雨并肩前行，“亿陆”相伴，感谢有你原图,0,0,0,"<re.Match object; span=(177, 179), match='原图'>",[],"['肖战斗罗大陆', '肖战唐三', '电视剧斗罗大陆', '电视剧斗罗大陆收官']",['@X玖少年团肖战DAYTOY'],转发理由://@呆桃燚:哇！43亿，完美收官！！感谢@CCTV电视剧、@腾讯视频。“亿陆”相伴，感谢有你。肖战唐三好棒！！！xz@X玖少年团肖战DAYTOY原始用户:电视剧斗罗大陆转发内容:央视@CCTV电视剧，@腾讯视频43亿完美收官史兰客七怪无畏风雨并肩前行，“亿陆”相伴，感谢有你
45,转发理由://@肖战网宣官微:#肖战[超话]##肖战斗罗大陆#三哥@X玖少年团肖战DAYTOY以43亿完美告别！朝朝暮暮，感谢有你。#肖战唐三#原始用户:电视剧斗罗大陆转发内容:#电视剧斗罗大陆##电视剧斗罗大陆收官#央视@CCTV电视剧，@腾讯视频43亿完美收官史兰客七怪无畏风雨并肩前行，“亿陆”相伴，感谢有你原图,0,0,0,"<re.Match object; span=(157, 159), match='原图'>",[],"['肖战[超话]', '肖战斗罗大陆', '肖战唐三', '电视剧斗罗大陆', '电视剧斗罗大陆收官']",['@X玖少年团肖战DAYTOY'],转发理由://@肖战网宣官微:三哥@X玖少年团肖战DAYTOY以43亿完美告别！朝朝暮暮，感谢有你。原始用户:电视剧斗罗大陆转发内容:央视@CCTV电视剧，@腾讯视频43亿完美收官史兰客七怪无畏风雨并肩前行，“亿陆”相伴，感谢有你
46,你好，是开播34天播放量破40亿集均破亿，央八首轮上星二轮无缝次黄档，日播放量最高2.11亿，德塔文指数2021唯一破三，男频玄幻电视剧斗罗大陆的青年演员肖战小飞侠的整点养🐁帖[组图共9张]原图,0,0,0,"<re.Match object; span=(88, 97), match='[组图共9张]原图'>",[],[],[],你好，是开播34天播放量破40亿集均破亿，央八首轮上星二轮无缝次黄档，日播放量最高2.11亿，德塔文指数2021唯一破三，男频玄幻电视剧斗罗大陆的青年演员肖战小飞侠的整点养🐁帖
47,转发理由:恭喜三哥，毕业快乐，不说再见//@呆桃燚:这段时间，我跟着剧版唐三笑过，也哭过。你对角色的认真和付出，我们都有感受到。台词棒，演技棒。你真的一次比一次更优秀了！哥！喜欢你真的让我觉得好骄傲啊～期待肖战更多的优秀作品！原始用户:X玖少年团肖战DAYTOY转发内容:万物有灵，当温柔以待。去发现自己的潜力，去创造属于自己的世界。无论结果是什么，我都会向阳而生。谢谢每一位工作人员，谢谢唐三你带给我的一切，再见了！[组图共9张]原图,0,0,0,"<re.Match object; span=(209, 218), match='[组图共9张]原图'>",[],[],[],转发理由:恭喜三哥，毕业快乐，不说再见//@呆桃燚:这段时间，我跟着剧版唐三笑过，也哭过。你对角色的认真和付出，我们都有感受到。台词棒，演技棒。你真的一次比一次更优秀了！哥！喜欢你真的让我觉得好骄傲啊～期待肖战更多的优秀作品！原始用户:X玖少年团肖战DAYTOY转发内容:万物有灵，当温柔以待。去发现自己的潜力，去创造属于自己的世界。无论结果是什么，我都会向阳而生。谢谢每一位工作人员，谢谢唐三你带给我的一切，再见了！
48,转发理由:向阳而生，一起成长，共同进步//@手捧星光送你:去发现自己的潜力，去创造属于自己的世界！永远向阳而生！@X玖少年团肖战DAYTOY原始用户:X玖少年团肖战DAYTOY转发内容:万物有灵，当温柔以待。去发现自己的潜力，去创造属于自己的世界。无论结果是什么，我都会向阳而生。谢谢每一位工作人员，谢谢唐三你带给我的一切，再见了！[组图共9张]原图,0,0,0,"<re.Match object; span=(166, 175), match='[组图共9张]原图'>",[],[],['@X玖少年团肖战DAYTOY'],转发理由:向阳而生，一起成长，共同进步//@手捧星光送你:去发现自己的潜力，去创造属于自己的世界！永远向阳而生！@X玖少年团肖战DAYTOY原始用户:X玖少年团肖战DAYTOY转发内容:万物有灵，当温柔以待。去发现自己的潜力，去创造属于自己的世界。无论结果是什么，我都会向阳而生。谢谢每一位工作人员，谢谢唐三你带给我的一切，再见了！
49,转发理由:祝贺//@肖战影音会官微:#肖战[超话]#那些拼尽全力的奔走，都有迹可循，和唐三互相陪伴一起听风的日子，将永远被珍藏。#电视剧斗罗大陆收官#以诚为径，无远弗届，愿你抬眼时，总有绚烂烟火绽放。@X玖少年团肖战DAYTOY原始用户:X玖少年团肖战DAYTOY转发内容:万物有灵，当温柔以待。去发现自己的潜力，去创造属于自己的世界。无论结果是什么，我都会向阳而生。谢谢每一位工作人员，谢谢唐三你带给我的一切，再见了！[组图共9张]原图,0,0,0,"<re.Match object; span=(210, 219), match='[组图共9张]原图'>",[],"['肖战[超话]', '电视剧斗罗大陆收官']",['@X玖少年团肖战DAYTOY'],转发理由:祝贺//@肖战影音会官微:那些拼尽全力的奔走，都有迹可循，和唐三互相陪伴一起听风的日子，将永远被珍藏。以诚为径，无远弗届，愿你抬眼时，总有绚烂烟火绽放。@X玖少年团肖战DAYTOY原始用户:X玖少年团肖战DAYTOY转发内容:万物有灵，当温柔以待。去发现自己的潜力，去创造属于自己的世界。无论结果是什么，我都会向阳而生。谢谢每一位工作人员，谢谢唐三你带给我的一切，再见了！
50,转发理由:唐三毕业快乐//@1005号肥虾饲养部:#肖战[超话]#唐三毕业快乐！#肖战唐三#@X玖少年团肖战DAYTOY//@肖战工作室:唐三顺利毕业，@X玖少年团肖战DAYTOY精彩继续，期待再相遇！原始用户:X玖少年团肖战DAYTOY转发内容:万物有灵，当温柔以待。去发现自己的潜力，去创造属于自己的世界。无论结果是什么，我都会向阳而生。谢谢每一位工作人员，谢谢唐三你带给我的一切，再见了！[组图共9张]原图,0,0,0,"<re.Match object; span=(197, 206), match='[组图共9张]原图'>",[],"['肖战[超话]', '肖战唐三']","['@X玖少年团肖战DAYTOY', '@X玖少年团肖战DAYTOY']",转发理由:唐三毕业快乐//@1005号肥虾饲养部:唐三毕业快乐！@X玖少年团肖战DAYTOY//@肖战工作室:唐三顺利毕业，@X玖少年团肖战DAYTOY精彩继续，期待再相遇！原始用户:X玖少年团肖战DAYTOY转发内容:万物有灵，当温柔以待。去发现自己的潜力，去创造属于自己的世界。无论结果是什么，我都会向阳而生。谢谢每一位工作人员，谢谢唐三你带给我的一切，再见了！
51,转发理由:祝贺唐三毕业#肖战告别斗罗大陆#原始用户:X玖少年团肖战DAYTOY转发内容:万物有灵，当温柔以待。去发现自己的潜力，去创造属于自己的世界。无论结果是什么，我都会向阳而生。谢谢每一位工作人员，谢谢唐三你带给我的一切，再见了！[组图共9张]原图,0,0,0,"<re.Match object; span=(117, 126), match='[组图共9张]原图'>",[],['肖战告别斗罗大陆'],[],转发理由:祝贺唐三毕业原始用户:X玖少年团肖战DAYTOY转发内容:万物有灵，当温柔以待。去发现自己的潜力，去创造属于自己的世界。无论结果是什么，我都会向阳而生。谢谢每一位工作人员，谢谢唐三你带给我的一切，再见了！
52,转发理由://@itsashou_:好哥哥原始用户:春日樱花集转发内容:#肖战#仪式感满满的肖哥[组图共9张]原图,1,0,0,"<re.Match object; span=(48, 57), match='[组图共9张]原图'>",[],['肖战'],[],转发理由://@itsashou_:好哥哥原始用户:春日樱花集转发内容:仪式感满满的肖哥
53,转发理由:祝贺毕业，后会有期原始用户:X玖少年团肖战DAYTOY转发内容:万物有灵，当温柔以待。去发现自己的潜力，去创造属于自己的世界。无论结果是什么，我都会向阳而生。谢谢每一位工作人员，谢谢唐三你带给我的一切，再见了！[组图共9张]原图,0,0,0,"<re.Match object; span=(110, 119), match='[组图共9张]原图'>",[],[],[],转发理由:祝贺毕业，后会有期原始用户:X玖少年团肖战DAYTOY转发内容:万物有灵，当温柔以待。去发现自己的潜力，去创造属于自己的世界。无论结果是什么，我都会向阳而生。谢谢每一位工作人员，谢谢唐三你带给我的一切，再见了！
54,转发理由:恭喜毕业，后会有期原始用户:X玖少年团肖战DAYTOY转发内容:万物有灵，当温柔以待。去发现自己的潜力，去创造属于自己的世界。无论结果是什么，我都会向阳而生。谢谢每一位工作人员，谢谢唐三你带给我的一切，再见了！[组图共9张]原图,0,0,0,"<re.Match object; span=(110, 119), match='[组图共9张]原图'>",[],[],[],转发理由:恭喜毕业，后会有期原始用户:X玖少年团肖战DAYTOY转发内容:万物有灵，当温柔以待。去发现自己的潜力，去创造属于自己的世界。无论结果是什么，我都会向阳而生。谢谢每一位工作人员，谢谢唐三你带给我的一切，再见了！
55,转发理由:唐三毕业快乐，希望他一切顺利@X玖少年团肖战DAYTOY原始用户:X玖少年团肖战DAYTOY转发内容:万物有灵，当温柔以待。去发现自己的潜力，去创造属于自己的世界。无论结果是什么，我都会向阳而生。谢谢每一位工作人员，谢谢唐三你带给我的一切，再见了！[组图共9张]原图,0,0,0,"<re.Match object; span=(129, 138), match='[组图共9张]原图'>",[],[],['@X玖少年团肖战DAYTOY'],转发理由:唐三毕业快乐，希望他一切顺利@X玖少年团肖战DAYTOY原始用户:X玖少年团肖战DAYTOY转发内容:万物有灵，当温柔以待。去发现自己的潜力，去创造属于自己的世界。无论结果是什么，我都会向阳而生。谢谢每一位工作人员，谢谢唐三你带给我的一切，再见了！
56,转发理由:我也凑个人头原始用户:出戏转发内容:#肖战[超话]##电视剧斗罗大陆收官#斗罗大陆收官送福利啦～唐三@X玖少年团肖战DAYTOY签名照等着你哦～关注@出戏，转发这条微博就有幸运鹅get哦[太开心]原图,0,0,0,"<re.Match object; span=(103, 105), match='原图'>",[],"['肖战[超话]', '电视剧斗罗大陆收官']",['@X玖少年团肖战DAYTOY'],转发理由:我也凑个人头原始用户:出戏转发内容:斗罗大陆收官送福利啦～唐三@X玖少年团肖战DAYTOY签名照等着你哦～关注@出戏，转发这条微博就有幸运鹅get哦[太开心]
57,转发理由:原始用户:你该美丽中带着刺转发内容:#肖战#夸肖战鼻子。好多人都只夸肖战的眼睛好看，其实他的骨相好，很重要的一点就是他的鼻子长得好。之前采访问他觉得自己五官哪里最好看，肖战回答说鼻子，我就知道，我哥的眼光不错！男子力强的特质，重点体现在鼻骨脸型。侧面看颌面整体偏直面型感，细看，是因为鼻子够挺拔，鼻头灵动，拉起了面中部，给微微的翘唇+翘下巴足够发挥的空间。他是教科书式的【悬胆鼻】。山根端秀，鼻梁高挺，鼻头丰满，生的是端正的富贵相。肖战只论鼻子就可以鲨众人了。#我喜欢肖战#[组图共9张]原图,1,0,0,"<re.Match object; span=(242, 251), match='[组图共9张]原图'>",[],"['肖战', '我喜欢肖战']",[],转发理由:原始用户:你该美丽中带着刺转发内容:夸肖战鼻子。好多人都只夸肖战的眼睛好看，其实他的骨相好，很重要的一点就是他的鼻子长得好。之前采访问他觉得自己五官哪里最好看，肖战回答说鼻子，我就知道，我哥的眼光不错！男子力强的特质，重点体现在鼻骨脸型。侧面看颌面整体偏直面型感，细看，是因为鼻子够挺拔，鼻头灵动，拉起了面中部，给微微的翘唇+翘下巴足够发挥的空间。他是教科书式的【悬胆鼻】。山根端秀，鼻梁高挺，鼻头丰满，生的是端正的富贵相。肖战只论鼻子就可以鲨众人了。
58,转发理由:原始用户:胡作非为de欲哥哥转发内容:#肖战唐三##肖战用心诠释史兰客精神#【唐三all中心向】《香剑吟》唐三×小龙女唐三×招摇唐三×拓拔玉儿唐三×战羡“江山如画却独爱美人”三哥，是大英雄#唐三bking时刻#@X玖少年团肖战DAYTOY#fanstube#胡作非为de欲哥哥的微博视频,0,0,0,,[],"['肖战唐三', '肖战用心诠释史兰客精神', '唐三bking时刻', 'fanstube']",['@X玖少年团肖战DAYTOY'],转发理由:原始用户:胡作非为de欲哥哥转发内容:【唐三all中心向】《香剑吟》唐三×小龙女唐三×招摇唐三×拓拔玉儿唐三×战羡“江山如画却独爱美人”三哥，是大英雄@X玖少年团肖战DAYTOY胡作非为de欲哥哥的微博视频
59,#肖战最好的你[超话]##肖战顾魏#肖战顾魏#肖战余生请多指教#肖战余生请多指教3.16互肖战赤诚善良，肖战君子如竹，肖战谦逊有礼，肖战勤奋努力，肖战诚恳待人，肖战行胜于言，肖战茂林修竹，肖战热心公益，肖战清醒自律，肖战万事顺遂，肖战顺利平安，肖战健康快乐，肖战未来可期。期待肖战余生请多指教@X玖少年团肖战DAYTOY[组图共9张]原图,1,0,26,"<re.Match object; span=(160, 169), match='[组图共9张]原图'>",[],"['肖战最好的你[超话]', '肖战顾魏', '肖战余生请多指教']",['@X玖少年团肖战DAYTOY'],肖战顾魏肖战余生请多指教3.16互肖战赤诚善良，肖战君子如竹，肖战谦逊有礼，肖战勤奋努力，肖战诚恳待人，肖战行胜于言，肖战茂林修竹，肖战热心公益，肖战清醒自律，肖战万事顺遂，肖战顺利平安，肖战健康快乐，肖战未来可期。期待肖战余生请多指教@X玖少年团肖战DAYTOY
60,转发理由:原始用户:手捧星光送你转发内容:#斗罗大陆全网播放量超43.2亿#|#肖战#恭喜斗罗大陆在cctv8的二轮上星完美收官！全网播放量超43.2亿，央视频端内播放量超6千万！今年唯一指数破3的爆剧！恭喜@X玖少年团肖战DAYTOY，以梦为马，志存远方，不负韶华！烈焰燃心尖，策马正少年！#fanstube#手捧星光送你的微博视频,0,0,0,,[],"['斗罗大陆全网播放量超43.2亿', '肖战', 'fanstube']",['@X玖少年团肖战DAYTOY'],转发理由:原始用户:手捧星光送你转发内容:|恭喜斗罗大陆在cctv8的二轮上星完美收官！全网播放量超43.2亿，央视频端内播放量超6千万！今年唯一指数破3的爆剧！恭喜@X玖少年团肖战DAYTOY，以梦为马，志存远方，不负韶华！烈焰燃心尖，策马正少年！手捧星光送你的微博视频
61,转发理由:原始用户:肖战工作室转发内容:#唐三bking时刻#唐三@X玖少年团肖战DAYTOY今天拽了吗？三哥一直拽得明明白白#肖战[超话]#肖战工作室的微博视频,0,0,0,,[],"['唐三bking时刻', '肖战[超话]']",['@X玖少年团肖战DAYTOY'],转发理由:原始用户:肖战工作室转发内容:唐三@X玖少年团肖战DAYTOY今天拽了吗？三哥一直拽得明明白白肖战工作室的微博视频
62,转发理由:原始用户:手捧星光送你转发内容:#肖战为中国电视报庆生VCR#肖战：中国电视报40岁生日快乐，越办越好！还有最后那熟悉的结尾手势肖战cut@X玖少年团肖战DAYTOY#唐三bking时刻#|#fanstube#手捧星光送你的微博视频,1,0,0,,[],"['肖战为中国电视报庆生VCR', '唐三bking时刻', 'fanstube']",['@X玖少年团肖战DAYTOY'],转发理由:原始用户:手捧星光送你转发内容:肖战：中国电视报40岁生日快乐，越办越好！还有最后那熟悉的结尾手势肖战cut@X玖少年团肖战DAYTOY|手捧星光送你的微博视频
63,你好，是开播34天播放量破40亿集均破亿，央八首轮上星二轮无缝次黄档，日播放量最高2.11亿，德塔文指数2021唯一破三，男频玄幻电视剧斗罗大陆的青年演员肖战的小得侠的整点养🐁帖[组图共9张]原图,0,0,0,"<re.Match object; span=(89, 98), match='[组图共9张]原图'>",[],[],[],你好，是开播34天播放量破40亿集均破亿，央八首轮上星二轮无缝次黄档，日播放量最高2.11亿，德塔文指数2021唯一破三，男频玄幻电视剧斗罗大陆的青年演员肖战的小得侠的整点养🐁帖
64,#肖战最好的你[超话]#肖战#肖战斗罗大陆#肖战#肖战唐三#3.15兔兔肖战清爽干净！肖战真诚随性！肖战温暖平和！肖战丰神俊朗！肖战酷帅无比！肖战正能量艺人！肖战踏实认真！肖战积极上进！肖战乐观敬业！肖战礼貌谦逊！肖战有礼有节！肖战演技灵动！肖战最帅肖战最好，我喜欢肖战@X玖少年团肖战DAYTOY[组图共2张]原图,1,1,41,"<re.Match object; span=(149, 158), match='[组图共2张]原图'>",[],"['肖战最好的你[超话]', '肖战斗罗大陆', '肖战唐三']",['@X玖少年团肖战DAYTOY'],肖战肖战3.15兔兔肖战清爽干净！肖战真诚随性！肖战温暖平和！肖战丰神俊朗！肖战酷帅无比！肖战正能量艺人！肖战踏实认真！肖战积极上进！肖战乐观敬业！肖战礼貌谦逊！肖战有礼有节！肖战演技灵动！肖战最帅肖战最好，我喜欢肖战@X玖少年团肖战DAYTOY
65,#肖战最好的你[超话]##肖战斗罗大陆#肖战#肖战唐三#3.15互兔[兔子]肖战我喜欢你。所有阴霾愁云终将有云消雨霁之时，所有不可逾越的高山大海，都会化为一马平川。古有君子如竹，不刚不柔，高风亮节今有青年如竹，勇立潮头，方显担当肖战温柔且坚定，厚积而薄发，演员肖战未来可期@X玖少年团肖战DAYTOY原图,10,0,38,"<re.Match object; span=(150, 152), match='原图'>",[],"['肖战最好的你[超话]', '肖战斗罗大陆', '肖战唐三']",['@X玖少年团肖战DAYTOY'],肖战3.15互兔[兔子]肖战我喜欢你。所有阴霾愁云终将有云消雨霁之时，所有不可逾越的高山大海，都会化为一马平川。古有君子如竹，不刚不柔，高风亮节今有青年如竹，勇立潮头，方显担当肖战温柔且坚定，厚积而薄发，演员肖战未来可期@X玖少年团肖战DAYTOY
66,转发理由:原始用户:Hey_雪宝转发内容:#肖战[超话]#｜#我画的就是肖战#105号卡丁车选手🆚7号冰球运动员@X玖少年团肖战DAYTOY原图,0,0,0,"<re.Match object; span=(70, 72), match='原图'>",[],"['肖战[超话]', '我画的就是肖战']",['@X玖少年团肖战DAYTOY'],转发理由:原始用户:Hey_雪宝转发内容:｜105号卡丁车选手🆚7号冰球运动员@X玖少年团肖战DAYTOY
67,转发理由:转发内容:,0,0,0,,[],[],[],转发理由:转发内容:
68,肖战正能量艺人，肖战带领粉丝热心做公益，肖战演技好，肖战唱歌棒，肖战颜值高，肖战有礼貌，肖战工作努力，肖战非常敬业，肖战尊敬前辈，肖战绅士风度，肖战三观正，肖战引领粉丝越来越优秀，肖战是根正苗红的好艺人[组图共9张]原图,0,0,0,"<re.Match object; span=(101, 110), match='[组图共9张]原图'>",[],[],[],肖战正能量艺人，肖战带领粉丝热心做公益，肖战演技好，肖战唱歌棒，肖战颜值高，肖战有礼貌，肖战工作努力，肖战非常敬业，肖战尊敬前辈，肖战绅士风度，肖战三观正，肖战引领粉丝越来越优秀，肖战是根正苗红的好艺人
69,#肖战最好的你[超话]#肖战#肖战斗罗大陆#xz#肖战唐三#3.14互兔兔肖战赤诚善良，肖战谦逊有礼，肖战勤奋努力，肖战诚恳待人，肖战行胜于言，肖战热心公益，肖战清醒自律，肖战未来可期。🌻肖战平安喜乐、顺顺利利！肖战，我喜欢你！xz@X玖少年团肖战DAYTOY原图,5,1,69,"<re.Match object; span=(130, 132), match='原图'>",[],"['肖战最好的你[超话]', '肖战斗罗大陆', '肖战唐三']",['@X玖少年团肖战DAYTOY'],肖战xz3.14互兔兔肖战赤诚善良，肖战谦逊有礼，肖战勤奋努力，肖战诚恳待人，肖战行胜于言，肖战热心公益，肖战清醒自律，肖战未来可期。🌻肖战平安喜乐、顺顺利利！肖战，我喜欢你！xz@X玖少年团肖战DAYTOY
70,#肖战最好的你[超话]##肖战斗罗大陆#xz#肖战唐三#互[兔子]，必回肖战，我猝不及防的心动，始料不及的惊鸿肖战正能量艺人，肖战赤诚善良，肖战品貌非凡，肖战温文尔雅，肖战温暖向阳，肖战干净通透，肖战谦逊有礼，肖战玉树临风，肖战工作敬业，肖战顺顺利利，肖战健健康康，肖战平安喜乐，我喜欢肖战@X玖少年团肖战DAYTOY原图,3,0,36,"<re.Match object; span=(159, 161), match='原图'>",[],"['肖战最好的你[超话]', '肖战斗罗大陆', '肖战唐三']",['@X玖少年团肖战DAYTOY'],xz互[兔子]，必回肖战，我猝不及防的心动，始料不及的惊鸿肖战正能量艺人，肖战赤诚善良，肖战品貌非凡，肖战温文尔雅，肖战温暖向阳，肖战干净通透，肖战谦逊有礼，肖战玉树临风，肖战工作敬业，肖战顺顺利利，肖战健健康康，肖战平安喜乐，我喜欢肖战@X玖少年团肖战DAYTOY
71,#肖战最好的你[超话]##肖战斗罗大陆#xz#肖战唐三#3.12每日一夸，互送祝福肖战正能量艺人，肖战演技好，肖战唱歌棒，肖战三观正，肖战人品好，肖战平安喜乐，肖战顺顺利利，肖战星途璀璨，肖战扶摇直上@X玖少年团肖战DAYTOY原图,2,0,42,"<re.Match object; span=(114, 116), match='原图'>",[],"['肖战最好的你[超话]', '肖战斗罗大陆', '肖战唐三']",['@X玖少年团肖战DAYTOY'],xz3.12每日一夸，互送祝福肖战正能量艺人，肖战演技好，肖战唱歌棒，肖战三观正，肖战人品好，肖战平安喜乐，肖战顺顺利利，肖战星途璀璨，肖战扶摇直上@X玖少年团肖战DAYTOY
72,转发理由:请问，你看，我还有机会吗@1005号肥虾饲养部原始用户:1005号肥虾饲养部转发内容:#肖战唐三##肖战斗罗大陆#🎉姗姗来迟的庆祝——破4⃣抽取④位虾虾分别送出：1.祖传手幅×2（转发）2.minipb×2（评论）我们相约下一次哦抽奖详情[组图共3张]原图,0,1,1,"<re.Match object; span=(124, 133), match='[组图共3张]原图'>",[],"['肖战唐三', '肖战斗罗大陆']",[],转发理由:请问，你看，我还有机会吗@1005号肥虾饲养部原始用户:1005号肥虾饲养部转发内容:🎉姗姗来迟的庆祝——破4⃣抽取④位虾虾分别送出：1.祖传手幅×2（转发）2.minipb×2（评论）我们相约下一次哦抽奖详情
73,转发理由:原始用户:手捧星光送你转发内容:#肖战#xz#肖战陌森眼镜品牌代言人#用时间书写自己的故事，用行动实现手中蓝图，做纯粹的梦想实现者，每一面都是未来的自己。为梦想逐步前行，用行动实践手中蓝图@X玖少年团肖战DAYTOY#fanstube#MOLSION陌森眼镜的微博视频,0,0,0,,[],"['肖战', '肖战陌森眼镜品牌代言人', 'fanstube']",['@X玖少年团肖战DAYTOY'],转发理由:原始用户:手捧星光送你转发内容:xz用时间书写自己的故事，用行动实现手中蓝图，做纯粹的梦想实现者，每一面都是未来的自己。为梦想逐步前行，用行动实践手中蓝图@X玖少年团肖战DAYTOYMOLSION陌森眼镜的微博视频
74,转发理由:原始用户:秃噜皮皮酱转发内容:#肖战#xz#肖战正能量艺人#翩翩公子长成时，将人气与努力糅合用实力证明，来看看舞台歌手战吧肖战好帅@X玖少年团肖战DAYTOY思肖觅战的微博视频,0,0,0,,[],"['肖战', '肖战正能量艺人']",['@X玖少年团肖战DAYTOY'],转发理由:原始用户:秃噜皮皮酱转发内容:xz翩翩公子长成时，将人气与努力糅合用实力证明，来看看舞台歌手战吧肖战好帅@X玖少年团肖战DAYTOY思肖觅战的微博视频
75,转发理由:原始用户:战羡兔紙转发内容:#肖战顾魏#xz#肖战#肖战｜最幸运的幸运怼脸镜头真的是绝了，将每一帧盛世美颜都收在镜头内。我的女孩，我想让别人，我想让她们，羡慕你！肖战，你就是我最幸运的幸运！@X玖少年团肖战DAYTOY期待肖战余生请多指教！#肖战正能量艺人#cr/凭君语的微博视频,0,0,0,,[],"['肖战顾魏', '肖战', '肖战正能量艺人']",['@X玖少年团肖战DAYTOY'],转发理由:原始用户:战羡兔紙转发内容:xz肖战｜最幸运的幸运怼脸镜头真的是绝了，将每一帧盛世美颜都收在镜头内。我的女孩，我想让别人，我想让她们，羡慕你！肖战，你就是我最幸运的幸运！@X玖少年团肖战DAYTOY期待肖战余生请多指教！cr/凭君语的微博视频
76,转发理由:原始用户:你该美丽中带着刺转发内容:#肖战##肖战我喜欢你#融化冬日冰雪满载浪漫与温柔是你@X玖少年团肖战DAYTOYLuckyseven进球的瞬间冰球少年从此成为初恋#肖战冰球运动推广大使#思肖觅战的微博视频,0,0,0,,[],"['肖战', '肖战我喜欢你', '肖战冰球运动推广大使']",['@X玖少年团肖战DAYTOY'],转发理由:原始用户:你该美丽中带着刺转发内容:融化冬日冰雪满载浪漫与温柔是你@X玖少年团肖战DAYTOYLuckyseven进球的瞬间冰球少年从此成为初恋思肖觅战的微博视频
77,#肖战最好的你[超话]##肖战斗罗大陆#xz#肖战光点2020全球单曲畅销榜第七#3.11互🐰肖战正能量艺人，肖战引领粉丝做公益，肖战演技好，肖战唱歌棒，肖战颜值高，，肖战人好，肖战有礼貌，肖战工作努力，肖战非常敬业，肖战尊敬前辈，肖战绅士风度，肖战三观正，肖战是好艺人！肖战非常棒！肖战很帅！@X玖少年团肖战DAYTOY原图,1,1,34,"<re.Match object; span=(161, 163), match='原图'>",[],"['肖战最好的你[超话]', '肖战斗罗大陆', '肖战光点2020全球单曲畅销榜第七']",['@X玖少年团肖战DAYTOY'],xz3.11互🐰肖战正能量艺人，肖战引领粉丝做公益，肖战演技好，肖战唱歌棒，肖战颜值高，，肖战人好，肖战有礼貌，肖战工作努力，肖战非常敬业，肖战尊敬前辈，肖战绅士风度，肖战三观正，肖战是好艺人！肖战非常棒！肖战很帅！@X玖少年团肖战DAYTOY
78,#肖战最好的你[超话]##肖战斗罗大陆#xz斗罗大陆#肖战陌森眼镜品牌代言人#xz陌森眼镜3.10互夸[心]求兔兔肖战顺顺利利，肖战健健康康，肖战平安喜乐，肖战嗨嗨皮皮，肖战正能量艺人，肖战和粉丝热心做公益，肖战演技好，肖战唱歌棒，肖战颜值高，肖战暖心，肖战人品好，肖战有礼貌，肖战工作努力，肖战非常敬业，肖战绅士风度，肖战三观正，肖战是根正苗红的好艺人！@X玖少年团肖战DAYTOY原图,5,1,35,"<re.Match object; span=(192, 194), match='原图'>",[],"['肖战最好的你[超话]', '肖战斗罗大陆', '肖战陌森眼镜品牌代言人']",['@X玖少年团肖战DAYTOY'],xz斗罗大陆xz陌森眼镜3.10互夸[心]求兔兔肖战顺顺利利，肖战健健康康，肖战平安喜乐，肖战嗨嗨皮皮，肖战正能量艺人，肖战和粉丝热心做公益，肖战演技好，肖战唱歌棒，肖战颜值高，肖战暖心，肖战人品好，肖战有礼貌，肖战工作努力，肖战非常敬业，肖战绅士风度，肖战三观正，肖战是根正苗红的好艺人！@X玖少年团肖战DAYTOY
79,转发理由:很帅，是不是，有木有原始用户:MOLSION陌森眼镜转发内容:每一部作品，每一个角色，都诠释多面才华。温柔的、坚毅的每一面，都是最真实的自己。《演员篇》已登场，与#肖战陌森眼镜品牌代言人#一起#直面每一面#，释放才能，让更多人看到不同。更多篇章即将开启，敬请期待。【才华镜MJ6118B90】天猫🔗陌森2021春季新品眼镜架大框光学近视眼镜潮流百搭光学镜MJ6118京东🔗【才华镜】陌森肖战同款21新品男眼镜架大框光学近视眼女光学镜MJ6118肖战同款B90+定制礼天猫陌森旗舰店🔗TMALL京东陌森旗舰店🔗http://t.cn/RmiyMMkMOLSION陌森眼镜的微博视频,0,0,0,,['http://t.cn/RmiyMMkMOLSION'],"['肖战陌森眼镜品牌代言人', '直面每一面']",[],转发理由:很帅，是不是，有木有原始用户:MOLSION陌森眼镜转发内容:每一部作品，每一个角色，都诠释多面才华。温柔的、坚毅的每一面，都是最真实的自己。《演员篇》已登场，与一起，释放才能，让更多人看到不同。更多篇章即将开启，敬请期待。【才华镜MJ6118B90】天猫🔗陌森2021春季新品眼镜架大框光学近视眼镜潮流百搭光学镜MJ6118京东🔗【才华镜】陌森肖战同款21新品男眼镜架大框光学近视眼女光学镜MJ6118肖战同款B90+定制礼天猫陌森旗舰店🔗TMALL京东陌森旗舰店🔗陌森眼镜的微博视频
80,#肖战最好的你[超话]#xz#肖战陌森眼镜品牌代言人#xz#肖战斗罗大陆#3.9求兔兔诚信互兔，指路必回肖战优秀艺人肖战出色演员肖战前路坦荡肖战一帆风顺肖战星途璀璨肖战扶摇直上@X玖少年团肖战DAYTOY[组图共3张]原图,1,0,27,"<re.Match object; span=(102, 111), match='[组图共3张]原图'>",[],"['肖战最好的你[超话]', '肖战陌森眼镜品牌代言人', '肖战斗罗大陆']",['@X玖少年团肖战DAYTOY'],xzxz3.9求兔兔诚信互兔，指路必回肖战优秀艺人肖战出色演员肖战前路坦荡肖战一帆风顺肖战星途璀璨肖战扶摇直上@X玖少年团肖战DAYTOY
81,转发理由:原始用户:七弦琴·肖战转发内容:#肖战[超话]#wbzy——[组图共12张]原图,0,0,0,"<re.Match object; span=(35, 45), match='[组图共12张]原图'>",[],['肖战[超话]'],[],转发理由:原始用户:七弦琴·肖战转发内容:wbzy——
82,肖战小飞侠觉得肖战照片好帅！比起肖战路透图，我还是觉得肖战工作室发的图更清晰，更适合做肖战壁纸！肖战主演的电视剧斗罗大陆正在CCTV-8热播，每天22点相约斗罗大陆斗罗大陆特效好看，剧情饱满，适合全家老少一起看肖战平安喜乐肖战顺顺利利肖战星途璀璨肖战扶摇直上肖战正能量艺人支持肖战代言支持肖战作品期待肖战待播剧余生请多指教[组图共9张]原图,0,0,0,"<re.Match object; span=(161, 170), match='[组图共9张]原图'>",[],[],[],肖战小飞侠觉得肖战照片好帅！比起肖战路透图，我还是觉得肖战工作室发的图更清晰，更适合做肖战壁纸！肖战主演的电视剧斗罗大陆正在CCTV-8热播，每天22点相约斗罗大陆斗罗大陆特效好看，剧情饱满，适合全家老少一起看肖战平安喜乐肖战顺顺利利肖战星途璀璨肖战扶摇直上肖战正能量艺人支持肖战代言支持肖战作品期待肖战待播剧余生请多指教
83,肖战陌森眼镜代言人肖战余生请多指教肖战温文尔雅，肖战君子如竹肖战笑容治愈，肖战真挚坦荡肖战茂林修竹，肖战风流倜傥肖战颜值逆天，肖战气质无双肖战平安喜乐，肖战顺利健康肖战气质如松，肖战星途璀璨肖战嗨嗨皮皮，肖战快快乐乐肖战健健康康，肖战顺顺利利肖战公益先行，肖战未来可期[组图共9张]原图,0,0,3,"<re.Match object; span=(134, 143), match='[组图共9张]原图'>",[],[],[],肖战陌森眼镜代言人肖战余生请多指教肖战温文尔雅，肖战君子如竹肖战笑容治愈，肖战真挚坦荡肖战茂林修竹，肖战风流倜傥肖战颜值逆天，肖战气质无双肖战平安喜乐，肖战顺利健康肖战气质如松，肖战星途璀璨肖战嗨嗨皮皮，肖战快快乐乐肖战健健康康，肖战顺顺利利肖战公益先行，肖战未来可期
84,#肖战最好的你[超话]##肖战陌森眼镜品牌代言人#xz#肖战斗罗大陆#3.8互夸，指路必回肖战清爽干净！肖战真诚随性！肖战温暖平和！肖战呆萌可爱！肖战温文尔雅！肖战玉树临风！肖战君子如竹！肖战丰神俊朗！肖战正能量艺人！肖战踏实认真！肖战积极上进！肖战乐观敬业！肖战礼貌谦逊！肖战有礼有节！肖战演技灵动自然！肖战平安喜乐，肖战顺顺利利。@X玖少年团肖战DAYTOY[组图共9张]原图,1,0,29,"<re.Match object; span=(181, 190), match='[组图共9张]原图'>",[],"['肖战最好的你[超话]', '肖战陌森眼镜品牌代言人', '肖战斗罗大陆']",['@X玖少年团肖战DAYTOY'],xz3.8互夸，指路必回肖战清爽干净！肖战真诚随性！肖战温暖平和！肖战呆萌可爱！肖战温文尔雅！肖战玉树临风！肖战君子如竹！肖战丰神俊朗！肖战正能量艺人！肖战踏实认真！肖战积极上进！肖战乐观敬业！肖战礼貌谦逊！肖战有礼有节！肖战演技灵动自然！肖战平安喜乐，肖战顺顺利利。@X玖少年团肖战DAYTOY
85,惊鸿一瞥明月清风仙姿无双✨一眼万年你是星河人间理想✨肖战神仙颜值赏心肖战干净气质悦目✨肖战温柔暖心肖战微笑无敌✨肖战无比优秀肖战无比阳光✨肖战温文尔雅肖战君子如竹✨肖战茂林修竹肖战玉树临风✨全世界最好的肖战值得被善待✨[组图共9张]原图,0,0,0,"<re.Match object; span=(109, 118), match='[组图共9张]原图'>",[],[],[],惊鸿一瞥明月清风仙姿无双✨一眼万年你是星河人间理想✨肖战神仙颜值赏心肖战干净气质悦目✨肖战温柔暖心肖战微笑无敌✨肖战无比优秀肖战无比阳光✨肖战温文尔雅肖战君子如竹✨肖战茂林修竹肖战玉树临风✨全世界最好的肖战值得被善待✨
86,#肖战最好的你[超话]##肖战陌森眼镜品牌代言人#xz#肖战斗罗大陆#本肖战小飞侠觉得肖战美图做肖战壁纸真的好帅好好看！但是比起肖战王牌部队路透图，我还是觉得肖战工作室和肖战小飞侠发的图更清晰，更帅气喜欢晚上放学吃着肖战代言的开小灶然后来一瓶真果粒晚上出去和懒惰大决战锻炼身体就着肖战代言的百威期待肖战待播剧余生请多指教里面的肖战顾魏肖战平安喜乐肖战顺顺利利肖战健健康康肖战小飞侠支持肖战影视综艺代言我肖战@X玖少年团肖战DAYTOY[组图共3张]原图,2,1,39,"<re.Match object; span=(217, 226), match='[组图共3张]原图'>",[],"['肖战最好的你[超话]', '肖战陌森眼镜品牌代言人', '肖战斗罗大陆']",['@X玖少年团肖战DAYTOY'],xz本肖战小飞侠觉得肖战美图做肖战壁纸真的好帅好好看！但是比起肖战王牌部队路透图，我还是觉得肖战工作室和肖战小飞侠发的图更清晰，更帅气喜欢晚上放学吃着肖战代言的开小灶然后来一瓶真果粒晚上出去和懒惰大决战锻炼身体就着肖战代言的百威期待肖战待播剧余生请多指教里面的肖战顾魏肖战平安喜乐肖战顺顺利利肖战健健康康肖战小飞侠支持肖战影视综艺代言我肖战@X玖少年团肖战DAYTOY
87,我肖战肖战长在我的审美上肖战演技好肖战唱歌好听肖战作品好看期待肖战余生请多指教期待肖战顾魏肖战粉丝支持肖战代言支持肖战影视综艺肖战平平安安顺顺利利健健康康肖战斗罗大陆肖战唐三肖战狼殿下肖战疾冲肖战魏无羡羡羡陈情令[组图共9张]原图,0,0,0,"<re.Match object; span=(106, 115), match='[组图共9张]原图'>",[],[],[],我肖战肖战长在我的审美上肖战演技好肖战唱歌好听肖战作品好看期待肖战余生请多指教期待肖战顾魏肖战粉丝支持肖战代言支持肖战影视综艺肖战平平安安顺顺利利健健康康肖战斗罗大陆肖战唐三肖战狼殿下肖战疾冲肖战魏无羡羡羡陈情令
88,#肖战最好的你[超话]##肖战加盟冬梦之约#xz#肖战陌森眼镜品牌代言人#我喜欢肖战肖战好帅肖战演技好肖战唱歌好听肖战作品好看期待肖战余生请多指教期待肖战顾魏肖战粉丝支持肖战代言支持肖战影视综艺肖战平平安安顺顺利利健健康康肖战斗罗大陆肖战唐三肖战狼殿下肖战疾冲@X玖少年团肖战DAYTOY[组图共4张]原图,2,0,31,"<re.Match object; span=(144, 153), match='[组图共4张]原图'>",[],"['肖战最好的你[超话]', '肖战加盟冬梦之约', '肖战陌森眼镜品牌代言人']",['@X玖少年团肖战DAYTOY'],xz我喜欢肖战肖战好帅肖战演技好肖战唱歌好听肖战作品好看期待肖战余生请多指教期待肖战顾魏肖战粉丝支持肖战代言支持肖战影视综艺肖战平平安安顺顺利利健健康康肖战斗罗大陆肖战唐三肖战狼殿下肖战疾冲@X玖少年团肖战DAYTOY
89,肖战冰球运动推广大使肖战茂林修竹，肖战风流倜傥肖战温文尔雅，肖战君子如竹肖战笑容治愈，肖战真挚坦荡肖战平安喜乐，肖战顺利健康肖战帅气逼人，肖战星途璀璨肖战健健康康，肖战顺顺利利肖战公益先行，肖战未来可期@X玖少年团肖战DAYTOY[组图共9张]原图,0,0,1,"<re.Match object; span=(115, 124), match='[组图共9张]原图'>",[],[],['@X玖少年团肖战DAYTOY'],肖战冰球运动推广大使肖战茂林修竹，肖战风流倜傥肖战温文尔雅，肖战君子如竹肖战笑容治愈，肖战真挚坦荡肖战平安喜乐，肖战顺利健康肖战帅气逼人，肖战星途璀璨肖战健健康康，肖战顺顺利利肖战公益先行，肖战未来可期@X玖少年团肖战DAYTOY
90,肖战余生请多指教肖战斗罗大陆💫肖战丰神俊朗！肖战茂林修竹！肖战清爽干净！肖战真诚随性！肖战温柔平和！肖战酷帅无比！肖战君子如竹！肖战踏实认真！肖战积极上进！肖战乐观敬业！肖战礼貌谦逊！肖战有礼有节！肖战演技灵动自然！肖战行胜于言！@X玖少年团肖战DAYTOY[组图共9张]原图,0,0,0,"<re.Match object; span=(129, 138), match='[组图共9张]原图'>",[],[],['@X玖少年团肖战DAYTOY'],肖战余生请多指教肖战斗罗大陆💫肖战丰神俊朗！肖战茂林修竹！肖战清爽干净！肖战真诚随性！肖战温柔平和！肖战酷帅无比！肖战君子如竹！肖战踏实认真！肖战积极上进！肖战乐观敬业！肖战礼貌谦逊！肖战有礼有节！肖战演技灵动自然！肖战行胜于言！@X玖少年团肖战DAYTOY
91,肖战冰球运动推广大使肖战茂林修竹，肖战风流倜傥肖战温文尔雅，肖战君子如竹肖战笑容治愈，肖战真挚坦荡肖战平安喜乐，肖战顺利健康肖战帅气逼人，肖战星途璀璨肖战健健康康，肖战顺顺利利肖战公益先行，肖战未来可期@X玖少年团肖战DAYTOY[组图共9张]原图,0,0,0,"<re.Match object; span=(115, 124), match='[组图共9张]原图'>",[],[],['@X玖少年团肖战DAYTOY'],肖战冰球运动推广大使肖战茂林修竹，肖战风流倜傥肖战温文尔雅，肖战君子如竹肖战笑容治愈，肖战真挚坦荡肖战平安喜乐，肖战顺利健康肖战帅气逼人，肖战星途璀璨肖战健健康康，肖战顺顺利利肖战公益先行，肖战未来可期@X玖少年团肖战DAYTOY
92,#肖战最好的你[超话]##肖战加盟冬梦之约#肖战加盟冬梦之约#肖战冰球运动推广大使#肖战冰球运动推广大使肖战茂林修竹，肖战风流倜傥，肖战温文尔雅，肖战君子如竹，肖战笑容治愈，肖战真挚坦荡，肖战平安喜乐，肖战顺利健康，肖战帅气逼人，肖战星途璀璨，肖战健健康康，肖战顺顺利利，肖战公益先行，肖战未来可期！@X玖少年团肖战DAYTOY[组图共9张]原图,1,1,32,"<re.Match object; span=(164, 173), match='[组图共9张]原图'>",[],"['肖战最好的你[超话]', '肖战加盟冬梦之约', '肖战冰球运动推广大使']",['@X玖少年团肖战DAYTOY'],肖战加盟冬梦之约肖战冰球运动推广大使肖战茂林修竹，肖战风流倜傥，肖战温文尔雅，肖战君子如竹，肖战笑容治愈，肖战真挚坦荡，肖战平安喜乐，肖战顺利健康，肖战帅气逼人，肖战星途璀璨，肖战健健康康，肖战顺顺利利，肖战公益先行，肖战未来可期！@X玖少年团肖战DAYTOY
93,#肖战最好的你[超话]##肖战陌森眼镜品牌代言人#肖战陌森眼镜品牌代言人#肖战斗罗大陆#肖战斗罗大陆，陌森眼镜品牌代言人肖战是这个世界上最帅最帅的男人！肖战是根正苗红好青年！肖战正能量艺人！肖战三观正！肖战五官精致！肖战积极向上！肖战茂林修竹！肖战温文尔雅！肖战帅气无敌！肖战谦虚有礼！肖战清醒自律！肖战演技好！肖战唱歌棒！肖战颜值高！我最爱肖战@X玖少年团肖战DAYTOY[心]#支持肖战代言#[组图共4张]原图,1,0,38,"<re.Match object; span=(198, 207), match='[组图共4张]原图'>",[],"['肖战最好的你[超话]', '肖战陌森眼镜品牌代言人', '肖战斗罗大陆', '支持肖战代言']",['@X玖少年团肖战DAYTOY'],肖战陌森眼镜品牌代言人肖战斗罗大陆，陌森眼镜品牌代言人肖战是这个世界上最帅最帅的男人！肖战是根正苗红好青年！肖战正能量艺人！肖战三观正！肖战五官精致！肖战积极向上！肖战茂林修竹！肖战温文尔雅！肖战帅气无敌！肖战谦虚有礼！肖战清醒自律！肖战演技好！肖战唱歌棒！肖战颜值高！我最爱肖战@X玖少年团肖战DAYTOY[心]
94,肖战温文尔雅！肖战茂林修竹！肖战清爽干净！肖战真诚随性！肖战温暖平和！肖战丰神俊朗！肖战帅出天际！肖战酷帅无比！肖战正能量艺人！肖战踏实认真！肖战积极上进！肖战乐观敬业！肖战礼貌谦逊！@X玖少年团肖战DAYTOY肖战我喜欢你肖战加盟冬梦之约肖战冰球运动推广大使[组图共9张]原图,0,0,0,"<re.Match object; span=(130, 139), match='[组图共9张]原图'>",[],[],['@X玖少年团肖战DAYTOY'],肖战温文尔雅！肖战茂林修竹！肖战清爽干净！肖战真诚随性！肖战温暖平和！肖战丰神俊朗！肖战帅出天际！肖战酷帅无比！肖战正能量艺人！肖战踏实认真！肖战积极上进！肖战乐观敬业！肖战礼貌谦逊！@X玖少年团肖战DAYTOY肖战我喜欢你肖战加盟冬梦之约肖战冰球运动推广大使
95,转发理由:好帅，好帅，好帅。原始用户:X玖少年团肖战DAYTOY转发内容:不忘初心，直面自我，塑造更多可能。2021，与我和@MOLSION陌森眼镜一起#直面每一面#。肖战工作室的微博视频,0,0,0,,[],['直面每一面'],[],转发理由:好帅，好帅，好帅。原始用户:X玖少年团肖战DAYTOY转发内容:不忘初心，直面自我，塑造更多可能。2021，与我和@MOLSION陌森眼镜一起。肖战工作室的微博视频
96,转发理由:真的是，又帅又酷声音又好听，嘤嘤嘤嘤嘤原始用户:X玖少年团肖战DAYTOY转发内容:不忘初心，直面自我，塑造更多可能。2021，与我和@MOLSION陌森眼镜一起#直面每一面#。肖战工作室的微博视频,0,0,0,,[],['直面每一面'],[],转发理由:真的是，又帅又酷声音又好听，嘤嘤嘤嘤嘤原始用户:X玖少年团肖战DAYTOY转发内容:不忘初心，直面自我，塑造更多可能。2021，与我和@MOLSION陌森眼镜一起。肖战工作室的微博视频
97,肖战你好，我是小飞侠，我觉得肖战好帅！肖战工作室发的图好清晰，好适合做肖战壁纸！一边喝着真果粒一边吃着开小灶一边看着肖战斗罗大陆一边期待余生请多指教呀！@X玖少年团肖战DAYTOY肖战平安喜乐肖战健健康康肖战顺顺利利我肖战[组图共9张]原图,0,0,0,"<re.Match object; span=(111, 120), match='[组图共9张]原图'>",[],[],['@X玖少年团肖战DAYTOY'],肖战你好，我是小飞侠，我觉得肖战好帅！肖战工作室发的图好清晰，好适合做肖战壁纸！一边喝着真果粒一边吃着开小灶一边看着肖战斗罗大陆一边期待余生请多指教呀！@X玖少年团肖战DAYTOY肖战平安喜乐肖战健健康康肖战顺顺利利我肖战
98,茂林修竹是肖战，温文尔雅是肖战，玉树临风是肖战。不骄不躁戒熬夜，破界跨界闯世界。保持炽热，坚持下去，或许前路未必光明坦荡，但也一定充满无限可能。@X玖少年团肖战DAYTOY[组图共9张]原图,0,0,0,"<re.Match object; span=(86, 95), match='[组图共9张]原图'>",[],[],['@X玖少年团肖战DAYTOY'],茂林修竹是肖战，温文尔雅是肖战，玉树临风是肖战。不骄不躁戒熬夜，破界跨界闯世界。保持炽热，坚持下去，或许前路未必光明坦荡，但也一定充满无限可能。@X玖少年团肖战DAYTOY
99,转发理由:#肖战微博之夜#俊美刚毅，玉树临风，器宇轩昂，英气逼人。期待肖战，期待king，期待今晚微博之夜@X玖少年团肖战DAYTOY#肖战[超话]#原始用户:新浪娱乐转发内容:【2020#微博之夜#现场】@X玖少年团肖战DAYTOY一身黑色西装亮相绅士帅气，胸针别致。#肖战胸针#[组图共5张]原图,0,0,0,"<re.Match object; span=(141, 150), match='[组图共5张]原图'>",[],"['肖战微博之夜', '肖战[超话]', '微博之夜', '肖战胸针']","['@X玖少年团肖战DAYTOY', '@X玖少年团肖战DAYTOY']",转发理由:俊美刚毅，玉树临风，器宇轩昂，英气逼人。期待肖战，期待king，期待今晚微博之夜@X玖少年团肖战DAYTOY原始用户:新浪娱乐转发内容:【2020现场】@X玖少年团肖战DAYTOY一身黑色西装亮相绅士帅气，胸针别致。
100,转发理由://@1005号虾虾能量客栈:#肖战微博之夜#@X玖少年团肖战DAYTOY俊美刚毅，玉树临风，器宇轩昂，英气逼人。期待今晚微博之夜#肖战[超话]#原始用户:新浪娱乐转发内容:【2020#微博之夜#现场】@X玖少年团肖战DAYTOY一身黑色西装亮相绅士帅气，胸针别致。#肖战胸针#[组图共5张]原图,0,0,0,"<re.Match object; span=(144, 153), match='[组图共5张]原图'>",[],"['肖战微博之夜', '肖战[超话]', '微博之夜', '肖战胸针']","['@X玖少年团肖战DAYTOY', '@X玖少年团肖战DAYTOY']",转发理由://@1005号虾虾能量客栈:@X玖少年团肖战DAYTOY俊美刚毅，玉树临风，器宇轩昂，英气逼人。期待今晚微博之夜原始用户:新浪娱乐转发内容:【2020现场】@X玖少年团肖战DAYTOY一身黑色西装亮相绅士帅气，胸针别致。
101,转发理由:期待微博king肖战//@心碎却着迷:期待微博king肖战闪耀全场！！由演员肖战领衔主演的剧版《斗罗大陆》，正在CCTV8和腾讯视频热播中！！上线23天，播放量破30亿！欢迎大家一起追剧呀#肖战微博之夜#原始用户:微博之夜转发内容:2020#微博之夜#盛典直播正式开始！打破全领域壁垒，集结各行业大咖及各领域顶尖人物。有口皆碑的演员在这里同台集结，实力开挂的音乐人也将在现场带来神仙舞台。↓速戳看直播，见证荣耀时刻！微博之夜的微博直播,0,0,0,,[],"['肖战微博之夜', '微博之夜']",[],转发理由:期待微博king肖战//@心碎却着迷:期待微博king肖战闪耀全场！！由演员肖战领衔主演的剧版《斗罗大陆》，正在CCTV8和腾讯视频热播中！！上线23天，播放量破30亿！欢迎大家一起追剧呀原始用户:微博之夜转发内容:2020盛典直播正式开始！打破全领域壁垒，集结各行业大咖及各领域顶尖人物。有口皆碑的演员在这里同台集结，实力开挂的音乐人也将在现场带来神仙舞台。↓速戳看直播，见证荣耀时刻！微博之夜的微博直播
102,转发理由://@一菜二白:期待全能肖战@X玖少年团肖战DAYTOY蝉联微博King闪耀全场，前路漫漫，无畏无惧，微博之夜，不见不散！#肖战微博之夜#原始用户:微博之夜转发内容:2020#微博之夜#盛典直播正式开始！打破全领域壁垒，集结各行业大咖及各领域顶尖人物。有口皆碑的演员在这里同台集结，实力开挂的音乐人也将在现场带来神仙舞台。↓速戳看直播，见证荣耀时刻！微博之夜的微博直播,0,0,0,,[],"['肖战微博之夜', '微博之夜']",['@X玖少年团肖战DAYTOY'],转发理由://@一菜二白:期待全能肖战@X玖少年团肖战DAYTOY蝉联微博King闪耀全场，前路漫漫，无畏无惧，微博之夜，不见不散！原始用户:微博之夜转发内容:2020盛典直播正式开始！打破全领域壁垒，集结各行业大咖及各领域顶尖人物。有口皆碑的演员在这里同台集结，实力开挂的音乐人也将在现场带来神仙舞台。↓速戳看直播，见证荣耀时刻！微博之夜的微博直播
103,转发理由://@呆桃燚:#肖战微博之夜#抱木生于毫末，信念成就梦想。笃行从心，奔赴热爱。期待肖战@X玖少年团肖战DAYTOY！原始用户:新浪娱乐转发内容:2020#微博之夜#正直播！angelababy、蔡徐坤、邓超、迪丽热巴、关晓彤、韩红、黄晓明、黄子韬、李冰冰、李现、李宇春、刘嘉玲、鹿晗、倪妮、沈腾、宋茜、孙俪、唐嫣、佟丽娅、王俊凯、王源、王一博、吴亦凡、肖战、杨紫、姚晨、张杰、张艺兴、张雨绮、赵丽颖、周冬雨等将亮相盛典。(按姓氏首字母排序)微博之夜的微博直播,0,0,0,,[],"['肖战微博之夜', '微博之夜']",['@X玖少年团肖战DAYTOY'],转发理由://@呆桃燚:抱木生于毫末，信念成就梦想。笃行从心，奔赴热爱。期待肖战@X玖少年团肖战DAYTOY！原始用户:新浪娱乐转发内容:2020正直播！angelababy、蔡徐坤、邓超、迪丽热巴、关晓彤、韩红、黄晓明、黄子韬、李冰冰、李现、李宇春、刘嘉玲、鹿晗、倪妮、沈腾、宋茜、孙俪、唐嫣、佟丽娅、王俊凯、王源、王一博、吴亦凡、肖战、杨紫、姚晨、张杰、张艺兴、张雨绮、赵丽颖、周冬雨等将亮相盛典。(按姓氏首字母排序)微博之夜的微博直播
104,转发理由://@李美美诶:肖战！King！我们一起见证荣耀时刻，带着收获与热爱，奔赴下一个山海，期待@X玖少年团肖战DAYTOY的更多角色闪耀荧幕！原始用户:新浪娱乐转发内容:2020#微博之夜#正直播！angelababy、蔡徐坤、邓超、迪丽热巴、关晓彤、韩红、黄晓明、黄子韬、李冰冰、李现、李宇春、刘嘉玲、鹿晗、倪妮、沈腾、宋茜、孙俪、唐嫣、佟丽娅、王俊凯、王源、王一博、吴亦凡、肖战、杨紫、姚晨、张杰、张艺兴、张雨绮、赵丽颖、周冬雨等将亮相盛典。(按姓氏首字母排序)微博之夜的微博直播,0,0,0,,[],['微博之夜'],['@X玖少年团肖战DAYTOY'],转发理由://@李美美诶:肖战！King！我们一起见证荣耀时刻，带着收获与热爱，奔赴下一个山海，期待@X玖少年团肖战DAYTOY的更多角色闪耀荧幕！原始用户:新浪娱乐转发内容:2020正直播！angelababy、蔡徐坤、邓超、迪丽热巴、关晓彤、韩红、黄晓明、黄子韬、李冰冰、李现、李宇春、刘嘉玲、鹿晗、倪妮、沈腾、宋茜、孙俪、唐嫣、佟丽娅、王俊凯、王源、王一博、吴亦凡、肖战、杨紫、姚晨、张杰、张艺兴、张雨绮、赵丽颖、周冬雨等将亮相盛典。(按姓氏首字母排序)微博之夜的微博直播
105,转发理由://@一菜二白:期待全能肖战@X玖少年团肖战DAYTOY蝉联微博King闪耀全场，前路漫漫，无畏无惧，微博之夜，不见不散！#肖战微博之夜#原始用户:新浪娱乐转发内容:2020#微博之夜#正直播！angelababy、蔡徐坤、邓超、迪丽热巴、关晓彤、韩红、黄晓明、黄子韬、李冰冰、李现、李宇春、刘嘉玲、鹿晗、倪妮、沈腾、宋茜、孙俪、唐嫣、佟丽娅、王俊凯、王源、王一博、吴亦凡、肖战、杨紫、姚晨、张杰、张艺兴、张雨绮、赵丽颖、周冬雨等将亮相盛典。(按姓氏首字母排序)微博之夜的微博直播,0,0,0,,[],"['肖战微博之夜', '微博之夜']",['@X玖少年团肖战DAYTOY'],转发理由://@一菜二白:期待全能肖战@X玖少年团肖战DAYTOY蝉联微博King闪耀全场，前路漫漫，无畏无惧，微博之夜，不见不散！原始用户:新浪娱乐转发内容:2020正直播！angelababy、蔡徐坤、邓超、迪丽热巴、关晓彤、韩红、黄晓明、黄子韬、李冰冰、李现、李宇春、刘嘉玲、鹿晗、倪妮、沈腾、宋茜、孙俪、唐嫣、佟丽娅、王俊凯、王源、王一博、吴亦凡、肖战、杨紫、姚晨、张杰、张艺兴、张雨绮、赵丽颖、周冬雨等将亮相盛典。(按姓氏首字母排序)微博之夜的微博直播
106,转发理由://@手捧星光送你:捧起过往的荣光加冕当下，奉献此刻的自我创造未来。永远在前进的路上，风雨兼程亦不动摇。让我们齐聚微博之夜，期待肖战!@X玖少年团肖战DAYTOY原始用户:新浪娱乐转发内容:2020#微博之夜#正直播！angelababy、蔡徐坤、邓超、迪丽热巴、关晓彤、韩红、黄晓明、黄子韬、李冰冰、李现、李宇春、刘嘉玲、鹿晗、倪妮、沈腾、宋茜、孙俪、唐嫣、佟丽娅、王俊凯、王源、王一博、吴亦凡、肖战、杨紫、姚晨、张杰、张艺兴、张雨绮、赵丽颖、周冬雨等将亮相盛典。(按姓氏首字母排序)微博之夜的微博直播,0,0,0,,[],['微博之夜'],['@X玖少年团肖战DAYTOY'],转发理由://@手捧星光送你:捧起过往的荣光加冕当下，奉献此刻的自我创造未来。永远在前进的路上，风雨兼程亦不动摇。让我们齐聚微博之夜，期待肖战!@X玖少年团肖战DAYTOY原始用户:新浪娱乐转发内容:2020正直播！angelababy、蔡徐坤、邓超、迪丽热巴、关晓彤、韩红、黄晓明、黄子韬、李冰冰、李现、李宇春、刘嘉玲、鹿晗、倪妮、沈腾、宋茜、孙俪、唐嫣、佟丽娅、王俊凯、王源、王一博、吴亦凡、肖战、杨紫、姚晨、张杰、张艺兴、张雨绮、赵丽颖、周冬雨等将亮相盛典。(按姓氏首字母排序)微博之夜的微博直播
107,转发理由:期待肖战//@手捧星光送你:捧起过往的荣光加冕当下，奉献此刻的自我创造未来。永远在前进的路上，风雨兼程亦不动摇。让我们齐聚微博之夜，期待肖战!@X玖少年团肖战DAYTOY原始用户:新浪娱乐转发内容:2020#微博之夜#正直播！angelababy、蔡徐坤、邓超、迪丽热巴、关晓彤、韩红、黄晓明、黄子韬、李冰冰、李现、李宇春、刘嘉玲、鹿晗、倪妮、沈腾、宋茜、孙俪、唐嫣、佟丽娅、王俊凯、王源、王一博、吴亦凡、肖战、杨紫、姚晨、张杰、张艺兴、张雨绮、赵丽颖、周冬雨等将亮相盛典。(按姓氏首字母排序)微博之夜的微博直播,0,0,0,,[],['微博之夜'],['@X玖少年团肖战DAYTOY'],转发理由:期待肖战//@手捧星光送你:捧起过往的荣光加冕当下，奉献此刻的自我创造未来。永远在前进的路上，风雨兼程亦不动摇。让我们齐聚微博之夜，期待肖战!@X玖少年团肖战DAYTOY原始用户:新浪娱乐转发内容:2020正直播！angelababy、蔡徐坤、邓超、迪丽热巴、关晓彤、韩红、黄晓明、黄子韬、李冰冰、李现、李宇春、刘嘉玲、鹿晗、倪妮、沈腾、宋茜、孙俪、唐嫣、佟丽娅、王俊凯、王源、王一博、吴亦凡、肖战、杨紫、姚晨、张杰、张艺兴、张雨绮、赵丽颖、周冬雨等将亮相盛典。(按姓氏首字母排序)微博之夜的微博直播
108,转发理由:期待king肖战//@李美美诶:肖战！King！我们一起见证荣耀时刻，带着收获与热爱，奔赴下一个山海，期待@X玖少年团肖战DAYTOY的更多角色闪耀荧幕！原始用户:新浪娱乐转发内容:2020#微博之夜#正直播！angelababy、蔡徐坤、邓超、迪丽热巴、关晓彤、韩红、黄晓明、黄子韬、李冰冰、李现、李宇春、刘嘉玲、鹿晗、倪妮、沈腾、宋茜、孙俪、唐嫣、佟丽娅、王俊凯、王源、王一博、吴亦凡、肖战、杨紫、姚晨、张杰、张艺兴、张雨绮、赵丽颖、周冬雨等将亮相盛典。(按姓氏首字母排序)微博之夜的微博直播,0,0,0,,[],['微博之夜'],['@X玖少年团肖战DAYTOY'],转发理由:期待king肖战//@李美美诶:肖战！King！我们一起见证荣耀时刻，带着收获与热爱，奔赴下一个山海，期待@X玖少年团肖战DAYTOY的更多角色闪耀荧幕！原始用户:新浪娱乐转发内容:2020正直播！angelababy、蔡徐坤、邓超、迪丽热巴、关晓彤、韩红、黄晓明、黄子韬、李冰冰、李现、李宇春、刘嘉玲、鹿晗、倪妮、沈腾、宋茜、孙俪、唐嫣、佟丽娅、王俊凯、王源、王一博、吴亦凡、肖战、杨紫、姚晨、张杰、张艺兴、张雨绮、赵丽颖、周冬雨等将亮相盛典。(按姓氏首字母排序)微博之夜的微博直播
109,转发理由:期待king肖战//@一菜二白:期待全能肖战@X玖少年团肖战DAYTOY蝉联微博King闪耀全场，前路漫漫，无畏无惧，微博之夜，不见不散！#肖战微博之夜#原始用户:微博之夜转发内容:2020#微博之夜#盛典直播正式开始！打破全领域壁垒，集结各行业大咖及各领域顶尖人物。有口皆碑的演员在这里同台集结，实力开挂的音乐人也将在现场带来神仙舞台。↓速戳看直播，见证荣耀时刻！微博之夜的微博直播,0,0,0,,[],"['肖战微博之夜', '微博之夜']",['@X玖少年团肖战DAYTOY'],转发理由:期待king肖战//@一菜二白:期待全能肖战@X玖少年团肖战DAYTOY蝉联微博King闪耀全场，前路漫漫，无畏无惧，微博之夜，不见不散！原始用户:微博之夜转发内容:2020盛典直播正式开始！打破全领域壁垒，集结各行业大咖及各领域顶尖人物。有口皆碑的演员在这里同台集结，实力开挂的音乐人也将在现场带来神仙舞台。↓速戳看直播，见证荣耀时刻！微博之夜的微博直播
110,转发理由:期待king肖战//@手捧星光送你:捧起过往的荣光加冕当下，奉献此刻的自我创造未来。永远在前进的路上，风雨兼程亦不动摇。让我们齐聚微博之夜，期待肖战!@X玖少年团肖战DAYTOY原始用户:新浪娱乐转发内容:2020#微博之夜#正直播！angelababy、蔡徐坤、邓超、迪丽热巴、关晓彤、韩红、黄晓明、黄子韬、李冰冰、李现、李宇春、刘嘉玲、鹿晗、倪妮、沈腾、宋茜、孙俪、唐嫣、佟丽娅、王俊凯、王源、王一博、吴亦凡、肖战、杨紫、姚晨、张杰、张艺兴、张雨绮、赵丽颖、周冬雨等将亮相盛典。(按姓氏首字母排序)微博之夜的微博直播,0,0,0,,[],['微博之夜'],['@X玖少年团肖战DAYTOY'],转发理由:期待king肖战//@手捧星光送你:捧起过往的荣光加冕当下，奉献此刻的自我创造未来。永远在前进的路上，风雨兼程亦不动摇。让我们齐聚微博之夜，期待肖战!@X玖少年团肖战DAYTOY原始用户:新浪娱乐转发内容:2020正直播！angelababy、蔡徐坤、邓超、迪丽热巴、关晓彤、韩红、黄晓明、黄子韬、李冰冰、李现、李宇春、刘嘉玲、鹿晗、倪妮、沈腾、宋茜、孙俪、唐嫣、佟丽娅、王俊凯、王源、王一博、吴亦凡、肖战、杨紫、姚晨、张杰、张艺兴、张雨绮、赵丽颖、周冬雨等将亮相盛典。(按姓氏首字母排序)微博之夜的微博直播
111,转发理由:期待微博king肖战！//@心碎却着迷:期待微博king肖战闪耀全场！！由演员肖战领衔主演的剧版《斗罗大陆》，正在CCTV8和腾讯视频热播中！！上线23天，播放量破30亿！欢迎大家一起追剧呀#肖战微博之夜#原始用户:微博之夜转发内容:2020#微博之夜#盛典直播正式开始！打破全领域壁垒，集结各行业大咖及各领域顶尖人物。有口皆碑的演员在这里同台集结，实力开挂的音乐人也将在现场带来神仙舞台。↓速戳看直播，见证荣耀时刻！微博之夜的微博直播,0,0,0,,[],"['肖战微博之夜', '微博之夜']",[],转发理由:期待微博king肖战！//@心碎却着迷:期待微博king肖战闪耀全场！！由演员肖战领衔主演的剧版《斗罗大陆》，正在CCTV8和腾讯视频热播中！！上线23天，播放量破30亿！欢迎大家一起追剧呀原始用户:微博之夜转发内容:2020盛典直播正式开始！打破全领域壁垒，集结各行业大咖及各领域顶尖人物。有口皆碑的演员在这里同台集结，实力开挂的音乐人也将在现场带来神仙舞台。↓速戳看直播，见证荣耀时刻！微博之夜的微博直播
112,转发理由:#肖战微博之夜#期待微博king，歌手、演员肖战！@X玖少年团肖战DAYTOY//@李美美诶:与青年演员肖战一起珍藏美好回忆，展望未来！期待微博之夜！肖战！King！我们一起见证荣耀时刻，带着收获与热爱，奔赴下一个山海，期待@X玖少年团肖战DAYTOY的更多角色闪耀荧幕！原始用户:微博之夜转发内容:2020#微博之夜#盛典直播正式开始！打破全领域壁垒，集结各行业大咖及各领域顶尖人物。有口皆碑的演员在这里同台集结，实力开挂的音乐人也将在现场带来神仙舞台。↓速戳看直播，见证荣耀时刻！微博之夜的微博直播,0,0,0,,[],"['肖战微博之夜', '微博之夜']","['@X玖少年团肖战DAYTOY', '@X玖少年团肖战DAYTOY']",转发理由:期待微博king，歌手、演员肖战！@X玖少年团肖战DAYTOY//@李美美诶:与青年演员肖战一起珍藏美好回忆，展望未来！期待微博之夜！肖战！King！我们一起见证荣耀时刻，带着收获与热爱，奔赴下一个山海，期待@X玖少年团肖战DAYTOY的更多角色闪耀荧幕！原始用户:微博之夜转发内容:2020盛典直播正式开始！打破全领域壁垒，集结各行业大咖及各领域顶尖人物。有口皆碑的演员在这里同台集结，实力开挂的音乐人也将在现场带来神仙舞台。↓速戳看直播，见证荣耀时刻！微博之夜的微博直播
113,转发理由:#肖战微博之夜#期待king肖战闪耀登场//@itsashou_:期待全能肖战@X玖少年团肖战DAYTOY蝉联微博king2月28日闪耀全场#肖战微博之夜#原始用户:微博之夜转发内容:2020#微博之夜#盛典直播正式开始！打破全领域壁垒，集结各行业大咖及各领域顶尖人物。有口皆碑的演员在这里同台集结，实力开挂的音乐人也将在现场带来神仙舞台。↓速戳看直播，见证荣耀时刻！微博之夜的微博直播,0,0,0,,[],"['肖战微博之夜', '肖战微博之夜', '微博之夜']",['@X玖少年团肖战DAYTOY'],转发理由:期待king肖战闪耀登场//@itsashou_:期待全能肖战@X玖少年团肖战DAYTOY蝉联微博king2月28日闪耀全场原始用户:微博之夜转发内容:2020盛典直播正式开始！打破全领域壁垒，集结各行业大咖及各领域顶尖人物。有口皆碑的演员在这里同台集结，实力开挂的音乐人也将在现场带来神仙舞台。↓速戳看直播，见证荣耀时刻！微博之夜的微博直播
114,转发理由:#肖战微博之夜#期待king肖战//@呆桃燚:#肖战微博之夜#抱木生于毫末，信念成就梦想。笃行从心，奔赴热爱。期待肖战@X玖少年团肖战DAYTOY！原始用户:新浪娱乐转发内容:2020#微博之夜#正直播！angelababy、蔡徐坤、邓超、迪丽热巴、关晓彤、韩红、黄晓明、黄子韬、李冰冰、李现、李宇春、刘嘉玲、鹿晗、倪妮、沈腾、宋茜、孙俪、唐嫣、佟丽娅、王俊凯、王源、王一博、吴亦凡、肖战、杨紫、姚晨、张杰、张艺兴、张雨绮、赵丽颖、周冬雨等将亮相盛典。(按姓氏首字母排序)微博之夜的微博直播,0,0,0,,[],"['肖战微博之夜', '肖战微博之夜', '微博之夜']",['@X玖少年团肖战DAYTOY'],转发理由:期待king肖战//@呆桃燚:抱木生于毫末，信念成就梦想。笃行从心，奔赴热爱。期待肖战@X玖少年团肖战DAYTOY！原始用户:新浪娱乐转发内容:2020正直播！angelababy、蔡徐坤、邓超、迪丽热巴、关晓彤、韩红、黄晓明、黄子韬、李冰冰、李现、李宇春、刘嘉玲、鹿晗、倪妮、沈腾、宋茜、孙俪、唐嫣、佟丽娅、王俊凯、王源、王一博、吴亦凡、肖战、杨紫、姚晨、张杰、张艺兴、张雨绮、赵丽颖、周冬雨等将亮相盛典。(按姓氏首字母排序)微博之夜的微博直播
115,转发理由:期待肖战//@呆桃燚:期待微博king，歌手、演员肖战！由演员肖战领衔主演的剧版《斗罗大陆》，上线17天，播放量破20亿。单日最高播放量达2.11亿。上线23天，播放量破30亿！演员肖战饰演的剧版唐三，颜值高，演技棒！欢迎大家一起追剧！#肖战微博之夜#@X玖少年团肖战DAYTOY原始用户:微博之夜转发内容:2020#微博之夜#盛典直播正式开始！打破全领域壁垒，集结各行业大咖及各领域顶尖人物。有口皆碑的演员在这里同台集结，实力开挂的音乐人也将在现场带来神仙舞台。↓速戳看直播，见证荣耀时刻！微博之夜的微博直播,0,0,0,,[],"['肖战微博之夜', '微博之夜']",['@X玖少年团肖战DAYTOY'],转发理由:期待肖战//@呆桃燚:期待微博king，歌手、演员肖战！由演员肖战领衔主演的剧版《斗罗大陆》，上线17天，播放量破20亿。单日最高播放量达2.11亿。上线23天，播放量破30亿！演员肖战饰演的剧版唐三，颜值高，演技棒！欢迎大家一起追剧！@X玖少年团肖战DAYTOY原始用户:微博之夜转发内容:2020盛典直播正式开始！打破全领域壁垒，集结各行业大咖及各领域顶尖人物。有口皆碑的演员在这里同台集结，实力开挂的音乐人也将在现场带来神仙舞台。↓速戳看直播，见证荣耀时刻！微博之夜的微博直播
116,转发理由:原始用户:DAYTOY·净化战队转发内容:#肖战[超话]##肖战斗罗大陆#xz#肖战唐三#早安呀，起来打扫啦[打call]微博词条今日目标人数：500浏览15s，每条3次，⭕为重点净化词条肖战肖战肖战公益一路有你肖战公益一路有你肖战正能量艺人肖战正能量艺人⭕支持肖战代言支持肖战代言⭕支持肖战影视综艺支持肖战影视综艺⭕肖战斗罗大陆肖战斗罗大陆⭕肖战唐三肖战唐三⭕肖战余生请多指教肖战余生请多指教狼殿下肖战http://t.cn/A6ApofkF肖战疾冲http://t.cn/A6ApoEjj⭕腾讯视频代言人肖战http://t.cn/A65deeyu⭕肖战蒙牛乳业品牌代言人http://t.cn/A65UIPmw⭕肖战roseonly品牌代言人http://t.cn/A6A8iGiS百威ME3代言人肖战http://t.cn/A6GGZAn6⭕肖战为你开小灶http://t.cn/A67Jgh37⭕肖战代言百威魄斯http://t.cn/A6LbwJyt⭕肖战代言真果粒http://t.cn/A6wWo6D6肖战雅诗兰黛品牌亚太区彩妆及香氛代言人http://t.cn/A67JhSYh🔴浏览器净化词条教程👉http://t.cn/A6bhirjE@X玖少年团肖战DAYTOY🔴完成净化后【评论打✌卡，并艾特两人】原图,0,0,0,"<re.Match object; span=(567, 569), match='原图'>","['http://t.cn/A6ApofkF', 'http://t.cn/A6ApoEjj', 'http://t.cn/A65deeyu', 'http://t.cn/A65UIPmw', 'http://t.cn/A6A8iGiS', 'http://t.cn/A6GGZAn6', 'http://t.cn/A67Jgh37', 'http://t.cn/A6LbwJyt', 'http://t.cn/A6wWo6D6', 'http://t.cn/A67JhSYh', 'http://t.cn/A6bhirjE']","['肖战[超话]', '肖战斗罗大陆', '肖战唐三']",['@X玖少年团肖战DAYTOY'],转发理由:原始用户:DAYTOY·净化战队转发内容:xz早安呀，起来打扫啦[打call]微博词条今日目标人数：500浏览15s，每条3次，⭕为重点净化词条肖战肖战肖战公益一路有你肖战公益一路有你肖战正能量艺人肖战正能量艺人⭕支持肖战代言支持肖战代言⭕支持肖战影视综艺支持肖战影视综艺⭕肖战斗罗大陆肖战斗罗大陆⭕肖战唐三肖战唐三⭕肖战余生请多指教肖战余生请多指教狼殿下肖战肖战疾冲⭕腾讯视频代言人肖战⭕肖战蒙牛乳业品牌代言人⭕肖战roseonly品牌代言人百威ME3代言人肖战⭕肖战为你开小灶⭕肖战代言百威魄斯⭕肖战代言真果粒肖战雅诗兰黛品牌亚太区彩妆及香氛代言人🔴浏览器净化词条教程👉@X玖少年团肖战DAYTOY🔴完成净化后【评论打✌卡，并艾特两人】
117,转发理由:转发内容://t.cn/Rfd3rQV,0,0,0,,[],[],[],转发理由:转发内容://t.cn/Rfd3rQV
118,转发理由:原始用户:dt虾钳家族转发内容:#肖战[超话]##肖战##2021元宵有料#佳节到，喜迎元宵！虾钳携手肖氏兄弟给大家拜个晚年！虾虾何处去，现到DT卫视！来看元宵晚会啦~主演:@X玖少年团肖战DAYTOY剪辑:dt·@·夜宵·@故醉里_台本:dt·@冰大boss封面:dt·@雾灯明【禁丨二传二改】dt虾钳家族的微博视频,0,0,0,,[],"['肖战[超话]', '肖战', '2021元宵有料']",['@X玖少年团肖战DAYTOY'],转发理由:原始用户:dt虾钳家族转发内容:佳节到，喜迎元宵！虾钳携手肖氏兄弟给大家拜个晚年！虾虾何处去，现到DT卫视！来看元宵晚会啦~主演:@X玖少年团肖战DAYTOY剪辑:dt·@·夜宵·@故醉里_台本:dt·@冰大boss封面:dt·@雾灯明【禁丨二传二改】dt虾钳家族的微博视频
119,转发理由:转发内容://t.cn/Rfd3rQV,0,0,0,,[],[],[],转发理由:转发内容://t.cn/Rfd3rQV
120,"转发理由:原始用户:肖战吧微博转发内容:#肖战[超话]##肖战唐三##肖战斗罗大陆#萌.开仓放粮.吧又双叒叕来抽奖啦！【元宵佳节】转发此条微博，并艾特一位好友，送上对@X玖少年团肖战DAYTOY的元宵祝福，萌吧将在转发中抽取一位虾虾送【Nylon一本】。【团团圆圆】评论此条微博，并晒出汤圆/元宵图请@X玖少年团肖战DAYTOY吃汤圆，萌吧将在评论区抽一位虾虾送【OK精彩明信片一套】。在此，萌吧也祝愿每位爱#肖战#的人，元宵喜乐，幸福安康。一起○○⸜(""´༥`""○)吃元宵吧，他的虾虾们～抽奖详情原图",0,0,0,"<re.Match object; span=(249, 251), match='原图'>",[],"['肖战[超话]', '肖战唐三', '肖战斗罗大陆', '肖战']","['@X玖少年团肖战DAYTOY', '@X玖少年团肖战DAYTOY']","转发理由:原始用户:肖战吧微博转发内容:萌.开仓放粮.吧又双叒叕来抽奖啦！【元宵佳节】转发此条微博，并艾特一位好友，送上对@X玖少年团肖战DAYTOY的元宵祝福，萌吧将在转发中抽取一位虾虾送【Nylon一本】。【团团圆圆】评论此条微博，并晒出汤圆/元宵图请@X玖少年团肖战DAYTOY吃汤圆，萌吧将在评论区抽一位虾虾送【OK精彩明信片一套】。在此，萌吧也祝愿每位爱的人，元宵喜乐，幸福安康。一起○○⸜(""´༥`""○)吃元宵吧，他的虾虾们～抽奖详情"
121,转发理由:原始用户:肖战工作室转发内容:#唐三寻爹不易#三哥@X玖少年团肖战DAYTOY的几篇日记随机掉落，寻爹不易，三哥叹气#肖战[超话]#[组图共4张]原图,0,0,0,"<re.Match object; span=(71, 80), match='[组图共4张]原图'>",[],"['唐三寻爹不易', '肖战[超话]']",['@X玖少年团肖战DAYTOY'],转发理由:原始用户:肖战工作室转发内容:三哥@X玖少年团肖战DAYTOY的几篇日记随机掉落，寻爹不易，三哥叹气
122,#肖战[超话]#哥哥，下雪了，起床堆个雪人送给你@X玖少年团肖战DAYTOY[组图共2张]原图,4,0,0,"<re.Match object; span=(38, 47), match='[组图共2张]原图'>",[],['肖战[超话]'],['@X玖少年团肖战DAYTOY'],哥哥，下雪了，起床堆个雪人送给你@X玖少年团肖战DAYTOY
123,转发理由:原始用户:猴子的逗比111转发内容:#肖战[超话]##我画的就是肖战#xz#斗罗大陆水墨海报#找妈妈的故事@X玖少年团肖战DAYTOY原图,0,0,0,"<re.Match object; span=(72, 74), match='原图'>",[],"['肖战[超话]', '我画的就是肖战', '斗罗大陆水墨海报']",['@X玖少年团肖战DAYTOY'],转发理由:原始用户:猴子的逗比111转发内容:xz找妈妈的故事@X玖少年团肖战DAYTOY
124,转发理由:原始用户:肖战工作室转发内容:斗罗【三】事#唐三carry全场#控制系魂师就是要悄悄努力，然后惊艳所有人，此刻看三哥@X玖少年团肖战DAYTOYcarry全场#肖战[超话]#原图,0,0,0,"<re.Match object; span=(92, 94), match='原图'>",[],"['唐三carry全场', '肖战[超话]']",['@X玖少年团肖战DAYTOY'],转发理由:原始用户:肖战工作室转发内容:斗罗【三】事控制系魂师就是要悄悄努力，然后惊艳所有人，此刻看三哥@X玖少年团肖战DAYTOYcarry全场
125,转发理由:转发内容://t.cn/Rfd3rQV,0,0,0,,[],[],[],转发理由:转发内容://t.cn/Rfd3rQV
126,转发理由:原始用户:X玖少年团肖战DAYTOY转发内容:2020#微博之夜#盛典即将开启，以微博之力，让世界更美。@微博之夜我来了！原图,0,0,0,"<re.Match object; span=(66, 68), match='原图'>",[],['微博之夜'],[],转发理由:原始用户:X玖少年团肖战DAYTOY转发内容:2020盛典即将开启，以微博之力，让世界更美。@微博之夜我来了！
127,转发理由:祖国山河无恙，感恩你们的守护。致敬//@X玖少年团肖战DAYTOY:#祖国山河一寸不能丢#致敬边防军人！致敬英雄！🇨🇳原始用户:央视新闻转发内容:【这就是中国人的态度：#祖国山河一寸不能丢#】致敬中国边防军人！转起！原图,0,0,0,"<re.Match object; span=(113, 115), match='原图'>",[],"['祖国山河一寸不能丢', '祖国山河一寸不能丢']",['@X玖少年团肖战DAYTOY'],转发理由:祖国山河无恙，感恩你们的守护。致敬//@X玖少年团肖战DAYTOY:致敬边防军人！致敬英雄！🇨🇳原始用户:央视新闻转发内容:【这就是中国人的态度：】致敬中国边防军人！转起！
128,转发理由:原始用户:入戏转发内容:@X玖少年团肖战DAYTOY分享《斗罗大陆》里挑战最大的一场戏，“当时太紧张了老想着要演好”，“现在表演的时候还是会紧张，但更多是让自己放松下来”。上腾讯视频搜“入戏”并关注，更多精彩持续放送~#斗罗入戏12天更新企划#肖战揭秘《斗罗大陆》拍摄挑战最大的一场戏,0,0,0,,[],['斗罗入戏12天更新企划'],['@X玖少年团肖战DAYTOY'],转发理由:原始用户:入戏转发内容:@X玖少年团肖战DAYTOY分享《斗罗大陆》里挑战最大的一场戏，“当时太紧张了老想着要演好”，“现在表演的时候还是会紧张，但更多是让自己放松下来”。上腾讯视频搜“入戏”并关注，更多精彩持续放送~肖战揭秘《斗罗大陆》拍摄挑战最大的一场戏
129,转发理由:原始用户:X玖少年团肖战DAYTOY转发内容:故乡与异乡，万家灯火总有一盏灯会为你而亮。肖战工作室的微博视频,0,0,0,,[],[],[],转发理由:原始用户:X玖少年团肖战DAYTOY转发内容:故乡与异乡，万家灯火总有一盏灯会为你而亮。肖战工作室的微博视频
130,转发理由:原始用户:X玖少年团肖战DAYTOY转发内容:一起来将双手舞动！北京卫视剧集地的微博视频,0,0,0,,[],[],[],转发理由:原始用户:X玖少年团肖战DAYTOY转发内容:一起来将双手舞动！北京卫视剧集地的微博视频
131,#肖战[超话]#肖战哥哥，情人节快乐@X玖少年团肖战DAYTOY原图,1,0,0,"<re.Match object; span=(32, 34), match='原图'>",[],['肖战[超话]'],['@X玖少年团肖战DAYTOY'],肖战哥哥，情人节快乐@X玖少年团肖战DAYTOY
132,转发理由:哇哦哇哦，是无所不能的肖战耶#肖战斗罗大陆#@X玖少年团肖战DAYTOY#肖战[超话]#原始用户:北京卫视剧集地转发内容:#小北北能有什么坏心思#今日份的粮在隔壁金主爸爸那儿，各位自己动手丰衣足食吧...不过@X玖少年团肖战DAYTOY亲手制作的情人节礼物本北这儿还有呐！意不意外，开不开熏转评本条微博，就有机会拿到战战这份爱的礼物还等什么？为爱冲呀！[组图共4张]原图,0,0,0,"<re.Match object; span=(181, 190), match='[组图共4张]原图'>",[],"['肖战斗罗大陆', '肖战[超话]', '小北北能有什么坏心思']","['@X玖少年团肖战DAYTOY', '@X玖少年团肖战DAYTOY']",转发理由:哇哦哇哦，是无所不能的肖战耶@X玖少年团肖战DAYTOY原始用户:北京卫视剧集地转发内容:今日份的粮在隔壁金主爸爸那儿，各位自己动手丰衣足食吧...不过@X玖少年团肖战DAYTOY亲手制作的情人节礼物本北这儿还有呐！意不意外，开不开熏转评本条微博，就有机会拿到战战这份爱的礼物还等什么？为爱冲呀！
133,#肖战[超话]#哥哥，情人节快乐@X玖少年团肖战DAYTOY原图,0,0,0,"<re.Match object; span=(30, 32), match='原图'>",[],['肖战[超话]'],['@X玖少年团肖战DAYTOY'],哥哥，情人节快乐@X玖少年团肖战DAYTOY
134,转发理由:原始用户:星闻揭秘转发内容:#肖战变唱腔了#肖战东方+北京春晚全cut（20分钟，含台下全部镜头）四个舞台+台上互动#肖战现场画牛#说上海话好可爱+台下reaction@X玖少年团肖战DAYTOY#肖战的异乡人听哭了#星闻揭秘的微博视频,0,0,0,,[],"['肖战变唱腔了', '肖战现场画牛', '肖战的异乡人听哭了']",['@X玖少年团肖战DAYTOY'],转发理由:原始用户:星闻揭秘转发内容:肖战东方+北京春晚全cut（20分钟，含台下全部镜头）四个舞台+台上互动说上海话好可爱+台下reaction@X玖少年团肖战DAYTOY星闻揭秘的微博视频
135,转发理由:肖战，真的的太帅了我可太快乐原始用户:X玖少年团肖战DAYTOY转发内容:一起来将双手舞动！北京卫视剧集地的微博视频,0,0,0,,[],[],[],转发理由:肖战，真的的太帅了我可太快乐原始用户:X玖少年团肖战DAYTOY转发内容:一起来将双手舞动！北京卫视剧集地的微博视频
136,转发理由:原始用户:肖战工作室转发内容:诚（橙）意满满地先来给大家拜个早年啦！@X玖少年团肖战DAYTOY祝大家牛转乾坤，你牛我牛大伙儿牛，Happy牛year！#肖战[超话]#[组图共6张]原图,0,0,0,"<re.Match object; span=(89, 98), match='[组图共6张]原图'>",[],['肖战[超话]'],['@X玖少年团肖战DAYTOY'],转发理由:原始用户:肖战工作室转发内容:诚（橙）意满满地先来给大家拜个早年啦！@X玖少年团肖战DAYTOY祝大家牛转乾坤，你牛我牛大伙儿牛，Happy牛year！
137,转发理由:祝哥哥新年快乐原始用户:X玖少年团肖战DAYTOY转发内容:新年快乐！！！#牛年如意#福福福牛！！绿洲[组图共2张]原图,0,0,0,"<re.Match object; span=(56, 65), match='[组图共2张]原图'>",[],['牛年如意'],[],转发理由:祝哥哥新年快乐原始用户:X玖少年团肖战DAYTOY转发内容:新年快乐！！！福福福牛！！绿洲
138,转发理由:可可爱爱，没有脑袋原始用户:肖洒的肖夫人转发内容:笑死我了#肖战#[组图共2张]原图,0,0,0,"<re.Match object; span=(38, 47), match='[组图共2张]原图'>",[],['肖战'],[],转发理由:可可爱爱，没有脑袋原始用户:肖洒的肖夫人转发内容:笑死我了
139,转发理由:早上好呀原始用户:X玖少年团肖战DAYTOY转发内容:大年初一有时间吗？有件事说一下。时间地点我都定好了，就等你来了！2月12日（大年初一）晚19:30，锁定CCTV-8、@央视频APP、@CCTV电视剧，4小时直播不间断，#大剧陪您过大年#！原图,0,0,0,"<re.Match object; span=(127, 129), match='原图'>",[],['大剧陪您过大年'],[],转发理由:早上好呀原始用户:X玖少年团肖战DAYTOY转发内容:大年初一有时间吗？有件事说一下。时间地点我都定好了，就等你来了！2月12日（大年初一）晚19:30，锁定CCTV-8、@央视频APP、@CCTV电视剧，4小时直播不间断，！
140,转发理由:只要是你，永远有时间原始用户:X玖少年团肖战DAYTOY转发内容:大年初一有时间吗？有件事说一下。时间地点我都定好了，就等你来了！2月12日（大年初一）晚19:30，锁定CCTV-8、@央视频APP、@CCTV电视剧，4小时直播不间断，#大剧陪您过大年#！原图,0,0,1,"<re.Match object; span=(133, 135), match='原图'>",[],['大剧陪您过大年'],[],转发理由:只要是你，永远有时间原始用户:X玖少年团肖战DAYTOY转发内容:大年初一有时间吗？有件事说一下。时间地点我都定好了，就等你来了！2月12日（大年初一）晚19:30，锁定CCTV-8、@央视频APP、@CCTV电视剧，4小时直播不间断，！
141,转发理由:这小发型，真不错原始用户:X玖少年团肖战DAYTOY转发内容:蓝银皮皮草！绿洲[组图共2张]原图,0,0,0,"<re.Match object; span=(44, 53), match='[组图共2张]原图'>",[],[],[],转发理由:这小发型，真不错原始用户:X玖少年团肖战DAYTOY转发内容:蓝银皮皮草！绿洲
142,#肖战[超话]#我也想要三哥梳辫子，讲故事@X玖少年团肖战DAYTOY#电视剧斗罗大陆#[组图共2张]原图,1,0,0,"<re.Match object; span=(44, 53), match='[组图共2张]原图'>",[],"['肖战[超话]', '电视剧斗罗大陆']",['@X玖少年团肖战DAYTOY'],我也想要三哥梳辫子，讲故事@X玖少年团肖战DAYTOY
143,转发理由:#新年新气象犇赴好时光##腾讯视频代言人肖战#恭喜@X玖少年团肖战DAYTOY成为腾讯视频代言人！快来一起get同款呀#肖战[超话]#原始用户:X玖少年团肖战DAYTOY转发内容:休整片刻，蓄势待发！我是@腾讯视频代言人肖战，#新年新气象犇赴好时光#春节在家，求腾讯视频的好内容推荐～让我看看你们都有啥库存原图,0,0,0,"<re.Match object; span=(158, 160), match='原图'>",[],"['新年新气象犇赴好时光', '腾讯视频代言人肖战', '肖战[超话]', '新年新气象犇赴好时光']",['@X玖少年团肖战DAYTOY'],转发理由:恭喜@X玖少年团肖战DAYTOY成为腾讯视频代言人！快来一起get同款呀原始用户:X玖少年团肖战DAYTOY转发内容:休整片刻，蓄势待发！我是@腾讯视频代言人肖战，春节在家，求腾讯视频的好内容推荐～让我看看你们都有啥库存
144,转发理由:三哥来了，一起来看啊#电视剧斗罗大陆#@X玖少年团肖战DAYTOY评论配图原始用户:X玖少年团肖战DAYTOY转发内容:#电视剧斗罗大陆开播#就地取材…准备准备要觉醒了原图,0,0,0,"<re.Match object; span=(89, 91), match='原图'>",[],"['电视剧斗罗大陆', '电视剧斗罗大陆开播']",['@X玖少年团肖战DAYTOY'],转发理由:三哥来了，一起来看啊@X玖少年团肖战DAYTOY评论配图原始用户:X玖少年团肖战DAYTOY转发内容:就地取材…准备准备要觉醒了
145,#肖战[超话]#爷的假期开始了，宅在家里看三哥@X玖少年团肖战DAYTOY#电视剧斗罗大陆#[组图共4张]原图,2,0,0,"<re.Match object; span=(46, 55), match='[组图共4张]原图'>",[],"['肖战[超话]', '电视剧斗罗大陆']",['@X玖少年团肖战DAYTOY'],爷的假期开始了，宅在家里看三哥@X玖少年团肖战DAYTOY
146,转发理由:#肖战[超话]##肖战#@X玖少年团肖战DAYTOY原始用户:娱评情报局转发内容:张国荣实力演绎，“当迷妹看到自己爱豆后…原图,0,0,0,"<re.Match object; span=(66, 68), match='原图'>",[],"['肖战[超话]', '肖战']",['@X玖少年团肖战DAYTOY'],转发理由:@X玖少年团肖战DAYTOY原始用户:娱评情报局转发内容:张国荣实力演绎，“当迷妹看到自己爱豆后…
147,转发理由:#肖战[超话]#感觉他跟我们每一个平凡的普通人一样，在认真生活着，奋斗着。喜欢他的亲切，温柔和坚韧[爱你]。一起期待未来的五年，我们会变成什么样#肖战#@X玖少年团肖战DAYTOY原始用户:拔萝卜虾虾团转发内容:#肖战##肖战唐三#【肖战】谦谦君子德，磬折欲何求。未来的每一个五年我们都和你@X玖少年团肖战DAYTOY一起不忘初心，勇敢向前人物的微博视频,0,0,0,,[],"['肖战[超话]', '肖战', '肖战', '肖战唐三']","['@X玖少年团肖战DAYTOY', '@X玖少年团肖战DAYTOY']",转发理由:感觉他跟我们每一个平凡的普通人一样，在认真生活着，奋斗着。喜欢他的亲切，温柔和坚韧[爱你]。一起期待未来的五年，我们会变成什么样@X玖少年团肖战DAYTOY原始用户:拔萝卜虾虾团转发内容:【肖战】谦谦君子德，磬折欲何求。未来的每一个五年我们都和你@X玖少年团肖战DAYTOY一起不忘初心，勇敢向前人物的微博视频
148,天了噜！我在肖战超话又双叒叕升级了！当前等级LV.7，获得永宁小妖头衔，小伙伴们速来围观~超话传送门→#肖战[超话]#,0,0,0,,[],['肖战[超话]'],[],天了噜！我在肖战超话又双叒叕升级了！当前等级LV.7，获得永宁小妖头衔，小伙伴们速来围观~超话传送门→
149,转发理由:原始用户:肖战影音会官微转发内容:分享@X玖少年团肖战DAYTOY的@绿洲动态:没想到吧绿洲没想到，是真没想到！！！早上好呀，有趣的灵魂！#肖战我也不知道画了个啥#[组图共2张]原图,0,0,0,"<re.Match object; span=(87, 96), match='[组图共2张]原图'>",[],['肖战我也不知道画了个啥'],['@X玖少年团肖战DAYTOY'],转发理由:原始用户:肖战影音会官微转发内容:分享@X玖少年团肖战DAYTOY的@绿洲动态:没想到吧绿洲没想到，是真没想到！！！早上好呀，有趣的灵魂！
150,鸳鸯锅口感真不错就是菜太少了，没吃饱@开小灶官方微博[组图共3张]原图,1,0,0,"<re.Match object; span=(26, 35), match='[组图共3张]原图'>",[],[],[],鸳鸯锅口感真不错就是菜太少了，没吃饱@开小灶官方微博
151,转发理由:我太喜欢他讲话了。烟火气，浪漫，温柔，鲜活……他可以用来形容一切真实与美好@X玖少年团肖战DAYTOY@92年的小精灵原始用户:星闻揭秘转发内容:#肖战奇妙之城特别篇#完整版：#肖战耙耳朵是爱老婆的表现##肖战耙耳朵特别可爱#【在外面我可以顶天立地，我可以挡风遮雨，回到家里我对你百般宠爱】肖战：长这么大，没有认真的去感受重庆，跟我一起长大融在我身体了；很多人说的容易，快乐是一天难过也是一天，但真正能做到的又有多少人；谁不难？都在被生活推动前行，自己要调节和适应，被挤贴地铁的玻璃上；小时候居住的环境特别喜欢，没有电脑没有手机，大家全在玩互动游戏，特别有生活气；以家乡为骄傲~#星闻揭秘[超话]#星闻揭秘的微博视频,0,0,2,,[],"['肖战奇妙之城特别篇', '肖战耙耳朵是爱老婆的表现', '肖战耙耳朵特别可爱', '星闻揭秘[超话]']",['@X玖少年团肖战DAYTOY'],转发理由:我太喜欢他讲话了。烟火气，浪漫，温柔，鲜活……他可以用来形容一切真实与美好@X玖少年团肖战DAYTOY@92年的小精灵原始用户:星闻揭秘转发内容:完整版：【在外面我可以顶天立地，我可以挡风遮雨，回到家里我对你百般宠爱】肖战：长这么大，没有认真的去感受重庆，跟我一起长大融在我身体了；很多人说的容易，快乐是一天难过也是一天，但真正能做到的又有多少人；谁不难？都在被生活推动前行，自己要调节和适应，被挤贴地铁的玻璃上；小时候居住的环境特别喜欢，没有电脑没有手机，大家全在玩互动游戏，特别有生活气；以家乡为骄傲~星闻揭秘的微博视频
152,转发理由:@X玖少年团肖战DAYTOY我永远支持你！我们一起拿下#明星势力榜#第一名！//@X玖少年团肖战DAYTOY:平凡中有不凡。1月22日走进#电影武汉日夜#，向抗疫英雄致敬！原始用户:中国电影报道转发内容:#武汉日夜融媒体首映直播##武汉日夜首映#以平凡见证不凡，以真实演绎了不起的中国奇迹！这是中国人的坚强和善良，这是属于我们的中国故事！以爱之名，无畏前行，致敬英雄，向阳而生！#电影武汉日夜#1月22日全国上映，@X玖少年团肖战DAYTOY邀您观影，重温感动、见证温暖，真情告白“有你真好”！原图,0,0,0,"<re.Match object; span=(252, 254), match='原图'>",[],"['明星势力榜', '电影武汉日夜', '武汉日夜融媒体首映直播', '武汉日夜首映', '电影武汉日夜']","['@X玖少年团肖战DAYTOY', '@X玖少年团肖战DAYTOY', '@X玖少年团肖战DAYTOY']",转发理由:@X玖少年团肖战DAYTOY我永远支持你！我们一起拿下第一名！//@X玖少年团肖战DAYTOY:平凡中有不凡。1月22日走进，向抗疫英雄致敬！原始用户:中国电影报道转发内容:以平凡见证不凡，以真实演绎了不起的中国奇迹！这是中国人的坚强和善良，这是属于我们的中国故事！以爱之名，无畏前行，致敬英雄，向阳而生！1月22日全国上映，@X玖少年团肖战DAYTOY邀您观影，重温感动、见证温暖，真情告白“有你真好”！
153,转发理由:帅哦原始用户:肖战工作室转发内容:爱无止境，迎光而行。@X玖少年团肖战DAYTOY一身白色单扣西装内搭牛仔衣出席2021爱奇艺#为爱尖叫#晚会。#肖战[超话]#[组图共4张]原图,0,0,0,"<re.Match object; span=(85, 94), match='[组图共4张]原图'>",[],"['为爱尖叫', '肖战[超话]']",['@X玖少年团肖战DAYTOY'],转发理由:帅哦原始用户:肖战工作室转发内容:爱无止境，迎光而行。@X玖少年团肖战DAYTOY一身白色单扣西装内搭牛仔衣出席2021爱奇艺晚会。
154,转发理由:霞姐的家庭作业做的相当优秀原始用户:圈内教父转发内容:#肖战发文谈重庆#肖战微博写的关于重庆的文字被海外粉丝翻译成了泰文西班牙文葡萄牙文阿拉伯文英文印尼文等多国语言！让全世界更多人看到重庆，了解中国的奇妙之城，吸引和感受重庆的文化和底蕴！这波文化传播真的好棒#肖战#@X玖少年团肖战DAYTOY[组图共18张]原图,0,0,0,"<re.Match object; span=(152, 162), match='[组图共18张]原图'>",[],"['肖战发文谈重庆', '肖战']",['@X玖少年团肖战DAYTOY'],转发理由:霞姐的家庭作业做的相当优秀原始用户:圈内教父转发内容:肖战微博写的关于重庆的文字被海外粉丝翻译成了泰文西班牙文葡萄牙文阿拉伯文英文印尼文等多国语言！让全世界更多人看到重庆，了解中国的奇妙之城，吸引和感受重庆的文化和底蕴！这波文化传播真的好棒@X玖少年团肖战DAYTOY
155,今晚将在舔屏中睡去[组图共4张]原图,0,0,1,"<re.Match object; span=(9, 18), match='[组图共4张]原图'>",[],[],[],今晚将在舔屏中睡去
156,转发理由:转发微博原始用户:1005号虾虾能量客栈转发内容:#肖战#xz#肖战正能量艺人#《榜样阅读》第四期——肖战：做赤诚的追梦少年肖战：接受生活中的挑战，脚踏实地走好脚下的路。偶有荆棘的路途，也要保持最初的赤诚，活出自己最美好的样子。同时，我觉得周国平先生这篇《自己的园地》，在这里也正是为了告诉我们，不要违背自己内心的赤诚，做一个真实的人。保持一颗赤诚之心，坚强地面对生活中的坎坷，为自己的心中照亮一盏明灯，不会停下学习的脚步，不断地向前进，突破自己。做自己喜欢的事情，不断地充实自己。坚强乐观地去面对，这些经历会让自己变得越来越优秀，成一个更好的人。晚安一起加油叭！@X玖少年团肖战DAYTOY(来源：@榜样阅读)榜样阅读的秒拍视频,0,0,0,,[],"['肖战', '肖战正能量艺人']",['@X玖少年团肖战DAYTOY'],转发理由:转发微博原始用户:1005号虾虾能量客栈转发内容:xz《榜样阅读》第四期——肖战：做赤诚的追梦少年肖战：接受生活中的挑战，脚踏实地走好脚下的路。偶有荆棘的路途，也要保持最初的赤诚，活出自己最美好的样子。同时，我觉得周国平先生这篇《自己的园地》，在这里也正是为了告诉我们，不要违背自己内心的赤诚，做一个真实的人。保持一颗赤诚之心，坚强地面对生活中的坎坷，为自己的心中照亮一盏明灯，不会停下学习的脚步，不断地向前进，突破自己。做自己喜欢的事情，不断地充实自己。坚强乐观地去面对，这些经历会让自己变得越来越优秀，成一个更好的人。晚安一起加油叭！@X玖少年团肖战DAYTOY(来源：@榜样阅读)榜样阅读的秒拍视频
157,转发理由:转发微博原始用户:蜜汁可乐炸椒转发内容:我们肖肖真的会织毛衣和针线活还有人不知道吗#肖战#[组图共4张]原图,0,0,0,"<re.Match object; span=(50, 59), match='[组图共4张]原图'>",[],['肖战'],[],转发理由:转发微博原始用户:蜜汁可乐炸椒转发内容:我们肖肖真的会织毛衣和针线活还有人不知道吗
158,转发理由:转发微博原始用户:李木子的追剧日常转发内容:肖战从小到大插兜合集如果双手无处安放可以和小飞侠们手牵手[组图共9张]原图,0,0,0,"<re.Match object; span=(55, 64), match='[组图共9张]原图'>",[],[],[],转发理由:转发微博原始用户:李木子的追剧日常转发内容:肖战从小到大插兜合集如果双手无处安放可以和小飞侠们手牵手
159,我爱上了一个我得不到的人，为此，我数次从睡梦中哭醒，又哭着睡去@92年的小精灵快看下图，我喜欢的人，快帮我想想办法吧，怎么嫁给他[组图共4张]原图,0,0,1,"<re.Match object; span=(64, 73), match='[组图共4张]原图'>",[],[],[],我爱上了一个我得不到的人，为此，我数次从睡梦中哭醒，又哭着睡去@92年的小精灵快看下图，我喜欢的人，快帮我想想办法吧，怎么嫁给他
160,又是垂涎呆桃盛世美颜的一天[组图共9张]原图,0,0,0,"<re.Match object; span=(13, 22), match='[组图共9张]原图'>",[],[],[],又是垂涎呆桃盛世美颜的一天
161,要温婉居家，不卑不亢哦～[组图共4张]原图,0,0,0,"<re.Match object; span=(12, 21), match='[组图共4张]原图'>",[],[],[],要温婉居家，不卑不亢哦～
162,吃饱了，再也不来了，煲仔饭吃的我太阳穴突突疼，牙都要硌掉了[组图共4张]原图,1,0,0,"<re.Match object; span=(29, 38), match='[组图共4张]原图'>",[],[],[],吃饱了，再也不来了，煲仔饭吃的我太阳穴突突疼，牙都要硌掉了
163,斥巨资在北医三院开的这款药膏，让我有种每天都在往脸上贴金的感jio。还别说，效果好像真不错👍原图,0,0,2,"<re.Match object; span=(46, 48), match='原图'>",[],[],[],斥巨资在北医三院开的这款药膏，让我有种每天都在往脸上贴金的感jio。还别说，效果好像真不错👍
164,术后吃火锅🍲原图,0,0,0,"<re.Match object; span=(6, 8), match='原图'>",[],[],[],术后吃火锅🍲
165,哈喽，花花，好久不见[组图共4张]原图,0,0,0,"<re.Match object; span=(10, 19), match='[组图共4张]原图'>",[],[],[],哈喽，花花，好久不见
166,美好的一天就从你开始吧原图,1,0,0,"<re.Match object; span=(11, 13), match='原图'>",[],[],[],美好的一天就从你开始吧
167,[组图共4张]原图,0,0,0,"<re.Match object; span=(0, 9), match='[组图共4张]原图'>",[],[],[],
168,火眼金睛原图,1,0,0,"<re.Match object; span=(4, 6), match='原图'>",[],[],[],火眼金睛
169,今天中午的鸡腿🍗真整整齐齐原图,0,0,0,"<re.Match object; span=(13, 15), match='原图'>",[],[],[],今天中午的鸡腿🍗真整整齐齐
170,或许还有救[组图共2张]原图,1,0,0,"<re.Match object; span=(5, 14), match='[组图共2张]原图'>",[],[],[],或许还有救
171,转发理由:转发微博原始用户:北京人不知道的北京事儿转发内容:【刘德华被低估的歌：《十七岁》混剪】周润发、张国荣、刘德华、梁朝伟、黎明、张学友、周星驰、钟镇涛、金城武、古天乐、郑伊健……一句歌词一张脸，珠流璧转，青春的莽撞已无人挂念。“我的震音假音早已太熟练。如今我四十看从前，沙哑了声线。”（by音乐铺子）音乐铺子的微博视频,0,0,0,,[],[],[],转发理由:转发微博原始用户:北京人不知道的北京事儿转发内容:【刘德华被低估的歌：《十七岁》混剪】周润发、张国荣、刘德华、梁朝伟、黎明、张学友、周星驰、钟镇涛、金城武、古天乐、郑伊健……一句歌词一张脸，珠流璧转，青春的莽撞已无人挂念。“我的震音假音早已太熟练。如今我四十看从前，沙哑了声线。”（by音乐铺子）音乐铺子的微博视频
172,去舅妈家偷桃子[组图共4张]原图,0,0,2,"<re.Match object; span=(7, 16), match='[组图共4张]原图'>",[],[],[],去舅妈家偷桃子
173,Hello！genuineteeth……原图,3,0,0,"<re.Match object; span=(20, 22), match='原图'>",[],[],[],Hello！genuineteeth……
174,转发理由:转发微博原始用户:l熊熊l小样l转发内容:韩剧：请回答1988德善比较缺爱，只有阿泽的偏爱最适合她了苏拉蹦恰恰l的微博视频,0,0,0,,[],[],[],转发理由:转发微博原始用户:l熊熊l小样l转发内容:韩剧：请回答1988德善比较缺爱，只有阿泽的偏爱最适合她了苏拉蹦恰恰l的微博视频
175,韭菜真的是让人钦佩的植物，园子里的韭菜割完20天他又又又长成这样，如此茁壮，就像从来没有被割过一样原图,0,0,0,"<re.Match object; span=(49, 51), match='原图'>",[],[],[],韭菜真的是让人钦佩的植物，园子里的韭菜割完20天他又又又长成这样，如此茁壮，就像从来没有被割过一样
176,这次当完伴娘，老娘就金盆洗手了，从此退出江湖，再也不干了～～友情出演N次伴娘后的恐慌，嫁不出去怎么办[Emm][Emm][Emm][Emm]@听说微博的昵称最长可以有这么长原图,2,0,2,"<re.Match object; span=(86, 88), match='原图'>",[],[],[],这次当完伴娘，老娘就金盆洗手了，从此退出江湖，再也不干了～～友情出演N次伴娘后的恐慌，嫁不出去怎么办[Emm][Emm][Emm][Emm]@听说微博的昵称最长可以有这么长
177,棒棒哒，好评@听说微博的昵称最长可以有这么长[组图共2张]原图,0,0,0,"<re.Match object; span=(22, 31), match='[组图共2张]原图'>",[],[],[],棒棒哒，好评@听说微博的昵称最长可以有这么长
178,给我一个窝窝，我就能吞下整个春天～～（四月槐花窝窝+三月榆钱窝窝）[组图共2张]原图,2,0,0,"<re.Match object; span=(33, 42), match='[组图共2张]原图'>",[],[],[],给我一个窝窝，我就能吞下整个春天～～（四月槐花窝窝+三月榆钱窝窝）
179,养生少女日常生姜泡脚@听说微博的昵称最长可以有这么长原图,1,0,0,"<re.Match object; span=(26, 28), match='原图'>",[],[],[],养生少女日常生姜泡脚@听说微博的昵称最长可以有这么长
180,圈在家里吃上了榆钱窝窝Yummy[组图共2张]原图,1,0,0,"<re.Match object; span=(16, 25), match='[组图共2张]原图'>",[],[],[],圈在家里吃上了榆钱窝窝Yummy
181,我给自己做的早饭🥣嗯，我真优秀@听说微博的昵称最长可以有这么长原图,1,0,2,"<re.Match object; span=(31, 33), match='原图'>",[],[],[],我给自己做的早饭🥣嗯，我真优秀@听说微博的昵称最长可以有这么长
182,You'renotlateYou'renotearlyYou'reverymuchontime，andinyoutimezonedensitysetupforyou.原图,1,0,0,"<re.Match object; span=(83, 85), match='原图'>",[],[],[],You'renotlateYou'renotearlyYou'reverymuchontime，andinyoutimezonedensitysetupforyou.
183,在家啃老的日子我是我妈喂的一头猪[组图共9张]原图,0,0,0,"<re.Match object; span=(16, 25), match='[组图共9张]原图'>",[],[],[],在家啃老的日子我是我妈喂的一头猪
184,我在三爷院里偷的芹菜哦，我的上帝呀Ilovemyvillage原图,1,0,0,"<re.Match object; span=(31, 33), match='原图'>",[],[],[],我在三爷院里偷的芹菜哦，我的上帝呀Ilovemyvillage
185,今日份酸辣粉我真是一个平淡无奇的小天才，快夸我@听说微博的昵称最长可以有这么长原图,1,0,0,"<re.Match object; span=(39, 41), match='原图'>",[],[],[],今日份酸辣粉我真是一个平淡无奇的小天才，快夸我@听说微博的昵称最长可以有这么长
186,土豆饼我真是一个小天才@听说微博的昵称最长可以有这么长[组图共2张]原图,1,0,0,"<re.Match object; span=(27, 36), match='[组图共2张]原图'>",[],[],[],土豆饼我真是一个小天才@听说微博的昵称最长可以有这么长
187,转发理由:@听说微博的昵称最长可以有这么长原始用户:辣妈教室转发内容:#当90后当了老师#当老师的快乐你无法想象孩子果然是人类快乐源泉哈哈哈他只是个孩子啊的微博视频,0,0,0,,[],['当90后当了老师'],[],转发理由:@听说微博的昵称最长可以有这么长原始用户:辣妈教室转发内容:当老师的快乐你无法想象孩子果然是人类快乐源泉哈哈哈他只是个孩子啊的微博视频
188,转发理由:转发微博原始用户:北京科技大学转发内容:#北京高校事##北京初雪#初雪北科美景回顾！开始期待第二场雪了呢❄️☃📸摄影：@怕热的胖子2015@Mr·Js[组图共9张]原图,3,0,2,"<re.Match object; span=(80, 89), match='[组图共9张]原图'>",[],"['北京高校事', '北京初雪']",[],转发理由:转发微博原始用户:北京科技大学转发内容:初雪北科美景回顾！开始期待第二场雪了呢❄️☃📸摄影：@怕热的胖子2015@Mr·Js
189,吃我一记擒拿手[组图共2张]原图,0,0,2,"<re.Match object; span=(7, 16), match='[组图共2张]原图'>",[],[],[],吃我一记擒拿手
190,初雪❄️后的校园原图,1,0,0,"<re.Match object; span=(8, 10), match='原图'>",[],[],[],初雪❄️后的校园
