微博id,微博正文,头条文章url,原始图片url,微博视频url,发布位置,发布时间,发布工具,点赞数,转发数,评论数
K6KGW5WXz,我又来兑现点点了#微博综艺大赏#的💰 收到了！一共是4个比赛，共收到4000，全部养点子了！1.#明星第一次上综艺的样子#，第一名，20002.#明星在综艺里能多有梗# ，   第三名，10003.#综艺里的高能游戏环节#，    第四名，5004.#2020综艺神级舞台#，           第七名，500感谢所有帮忙转赞评的虾虾！  你们辛苦啦！以后继续一起加油！给哥哥最好的！             [组图共13张]      原图                             ,,"http://ww4.sinaimg.cn/large/b51c2364ly1goo08orgynj20hs0isn2k.jpg,http://ww4.sinaimg.cn/large/b51c2364ly1gono1n18ytj20qo17gdic.jpg,http://ww3.sinaimg.cn/large/b51c2364ly1gono1n91huj20qo18q0v9.jpg,http://ww4.sinaimg.cn/large/b51c2364ly1gono1nie7kj20qo16ngo1.jpg,http://ww4.sinaimg.cn/large/b51c2364ly1gono1ntuguj20qo15bjtu.jpg,http://ww3.sinaimg.cn/large/b51c2364ly1gono17e53pj20qo12i424.jpg,http://ww4.sinaimg.cn/large/b51c2364ly1gono17mepvj20qo135q6q.jpg,http://ww2.sinaimg.cn/large/b51c2364ly1gono17tyqwj20qo0ygadf.jpg,http://ww1.sinaimg.cn/large/b51c2364ly1gono185eihj20qo16k42i.jpg,http://ww2.sinaimg.cn/large/b51c2364ly1gono04dcesj20qo19nq7c.jpg,http://ww3.sinaimg.cn/large/b51c2364ly1gono04mxuzj20qo153gq7.jpg,http://ww2.sinaimg.cn/large/b51c2364ly1gono04v9eaj20qo13vtd0.jpg,http://ww3.sinaimg.cn/large/b51c2364ly1gono054ge4j20qo123gqm.jpg",无,无,2021-03-18 13:42,肖战超话,5097,403,1117
K7bMtqorQ,#肖战[超话]#我又又又又来兑现点点了比赛的💰 收到了！已经全部养完点子了！感谢所有帮忙转赞评的虾虾！  你们辛苦啦！以后继续一起加油！  [组图共4张] 原图 ,,"http://ww2.sinaimg.cn/large/b51c2364ly1gorbq26x8pj20hs0ig0y2.jpg,http://ww2.sinaimg.cn/large/b51c2364ly1gorbq2eqgxj20u010911w.jpg,http://ww1.sinaimg.cn/large/b51c2364ly1gorbt60lmqj20u00nntau.jpg,http://ww4.sinaimg.cn/large/b51c2364ly1gorbq30v8dj20tz15p49f.jpg",无,无,2021-03-21 10:40,肖战超话,1974,91,472
K7buYFc81,#电视剧余生请多指教[超话]##肖战余生请多指教#  xz#肖战# “有幸与你相爱 余生为你而来。”顾医生，过往不求同行，余生，请多指教@X玖少年团肖战DAYTOY#fanstube# 手捧星光送你的微博视频  ,,无,"http://f.video.weibocdn.com/Kns5Si2Elx07LfZmb8ik010412003gYj0E010.mp4?label=mp4_hd&template=480x852.24.0&trans_finger=7c347e6ee1691b93dc7e5726f4ef34b3&Expires=1616310178&ssig=pUjN0MhMzO&KID=unistore,video",无,2021-03-21 09:57,电视剧余生请多指教超话,8849,1580,880
K7b5z8JP0,比赛养点子！！！第一名马上要被别家超了 http://t.cn/A6t16Zg7    辛苦大家，到原博多评论多点赞！！！  原图 ,,http://wx2.sinaimg.cn/large/b51c2364ly1gor8u0myspj20j60jlmxo.jpg,无,无,2021-03-21 08:54,肖战最好的你超话,360,65,114
K7b0iAini,掉🔥 门了！求5000个兔兔，救救孩子  原图 ,,http://wx1.sinaimg.cn/large/b51c2364ly1gor5y6pb9cj20ry0s2jsn.jpg,无,无,2021-03-21 08:41,肖战最好的你超话,1146,40,5473
K7aJwsrtG,我喜欢肖战 肖战好帅肖战演技好 肖战唱歌好听  肖战作品好看  期待肖战余生请多指教  期待肖战顾魏  肖战粉丝支持肖战代言  支持肖战影视综艺 肖战斗罗大陆  肖战唐三  肖战平平安安 顺顺利利 健健康康  （养🐭 ）032108  [组图共9张] 原图 ,,"http://ww4.sinaimg.cn/large/b51c2364ly1gor77k1jn7j209s09sglf.jpg,http://ww3.sinaimg.cn/large/b51c2364ly1gor77kbzaij209s09sq2y.jpg,http://ww2.sinaimg.cn/large/b51c2364ly1gor77kjh87j209s09sq2q.jpg,http://ww3.sinaimg.cn/large/b51c2364ly1gor77ktkevj209s09sdfu.jpg,http://ww4.sinaimg.cn/large/b51c2364ly1gor77l134ej209s09saaj.jpg,http://ww4.sinaimg.cn/large/b51c2364ly1gor77laiczj209s09s746.jpg,http://ww1.sinaimg.cn/large/b51c2364ly1gor77liaxrj209s09sq2r.jpg,http://ww2.sinaimg.cn/large/b51c2364ly1gor77lrhgtj209s09s0t7.jpg,http://ww3.sinaimg.cn/large/b51c2364ly1gor77m7n5kj209s09s3ya.jpg",无,无,2021-03-21 08:00,肖战顺顺利利,176,0,93
K7alK3PAd,#肖战老婆实时专用#星光，在吗？  ,,无,无,无,2021-03-21 07:01,肖战顺顺利利,79,0,55
K7aldbmNQ,我喜欢肖战 肖战好帅肖战演技好 肖战唱歌好听  肖战作品好看  期待肖战 余生请多指教  期待肖战顾魏  肖战粉丝支持肖战代言  支持肖战影视综艺 肖战斗罗大陆  肖战唐三  肖战平平安安 顺顺利利 健健康康  （养🐭 ）032107  [组图共9张] 原图 ,,"http://ww2.sinaimg.cn/large/b51c2364ly1gor5h91882j209s09s3yn.jpg,http://ww4.sinaimg.cn/large/b51c2364ly1gor5h99t7pj209s09smxe.jpg,http://ww1.sinaimg.cn/large/b51c2364ly1gor5h9jwwej209s09smx7.jpg,http://ww2.sinaimg.cn/large/b51c2364ly1gor5h9ydygj209s09sq3a.jpg,http://ww3.sinaimg.cn/large/b51c2364ly1gor5ha54pvj209s09sjrr.jpg,http://ww1.sinaimg.cn/large/b51c2364ly1gor5hadpwjj209s09sglw.jpg,http://ww2.sinaimg.cn/large/b51c2364ly1gor5hamukcj209s09sq34.jpg,http://ww2.sinaimg.cn/large/b51c2364ly1gor5hauocej209s09st8w.jpg,http://ww2.sinaimg.cn/large/b51c2364ly1gor5hb57jvj209s09s3yq.jpg",无,无,2021-03-21 07:00,肖战顺顺利利,100,2,39
K7a2A9ZG8,#电视剧余生请多指教[超话]##肖战余生请多指教# xz#肖战# 你问我要怎么形容你空洞的字都不配比喻没说完的那颗真心会用余生证明@X玖少年团肖战DAYTOY 好想看又高又帅、温柔体贴的顾魏顾医生啊！好期待 余生请多指教 啊！ #fanstube# 手捧星光送你的微博视频  ,,无,"http://f.video.weibocdn.com/Z8SUeikblx07LerZRrxu01041200mXFO0E010.mp4?label=mp4_hd&template=852x480.25.0&trans_finger=62b30a3f061b162e421008955c73f536&Expires=1616310182&ssig=DCU44jTahn&KID=unistore,video",无,2021-03-21 06:14,电视剧余生请多指教超话,5724,533,479
K76ObeyIs,#肖战# xz#肖战看别人拍吻戏#  看过 肖战看别人拍吻戏 ，再来看看由肖战领衔主演的电视剧斗罗大陆吧！为演员肖战的敬业点赞！片场花絮中有大量的后空翻训练 每天高强度的拍摄，身上时常就多一块淤青，我们三哥真的辛苦啦吃得苦中苦，方为人上人，演员肖战真的很棒，每次兢兢业业完成自己的工作，最后呈现出的动作戏行云流水酣畅淋漓！又爽又舒适！@X玖少年团肖战DAYTOY #fanstube#    手捧星光送你的微博视频                                 ,,无,无,无,2021-03-20 22:01,肖战顺顺利利,14517,1331,758
K76NN5fql,我喜欢肖战 肖战好帅肖战演技好 肖战唱歌好听  肖战作品好看  期待肖战余生请多指教  期待肖战顾魏  肖战粉丝支持肖战代言  支持肖战影视综艺 肖战斗罗大陆  肖战唐三  肖战平平安安 顺顺利利 健健康康  （养🐭 ）032022  [组图共9张] 原图 ,,"http://ww2.sinaimg.cn/large/b51c2364ly1goqpujivssj209s09smx2.jpg,http://ww4.sinaimg.cn/large/b51c2364ly1goqpujpqp7j209s09s0sl.jpg,http://ww1.sinaimg.cn/large/b51c2364ly1goqpuk04hej209s09s3yg.jpg,http://ww4.sinaimg.cn/large/b51c2364ly1goqpuk705qj209s09smxz.jpg,http://ww4.sinaimg.cn/large/b51c2364ly1goqpul3p7lj209s09s0tg.jpg,http://ww4.sinaimg.cn/large/b51c2364ly1goqpulb9k8j209s09s750.jpg,http://ww2.sinaimg.cn/large/b51c2364ly1goqpulirioj209s09sglt.jpg,http://ww1.sinaimg.cn/large/b51c2364ly1goqpulrf9kj209s09swet.jpg,http://ww1.sinaimg.cn/large/b51c2364ly1goqpulyfiyj209s09saae.jpg",无,无,2021-03-20 22:00,肖战顺顺利利,80,1,34
K743dom5u,千转，压黑！！！http://t.cn/A6tdRgO3  原图 ,,http://wx2.sinaimg.cn/large/b51c2364ly1goqdppu4amj20u30u077k.jpg,无,无,2021-03-20 14:59,肖战顺顺利利,87,37,6
K742A3aDJ,#肖战# xz#肖战顾魏# “永远把自己放到最低，但是努力地去做好每一件事情。学会向生活妥协，但也要坚守自己的底线。”肖战粉丝支持肖战代言肖战代言开小灶@X玖少年团肖战DAYTOY#fanstube# 手捧星光送你的微博视频   ,,无,"http://f.video.weibocdn.com/cPdUvsbFlx07L1XN1oKI01041200fby70E010.mp4?label=mp4_hd&template=848x480.25.0&trans_finger=d8257cc71422c9ad30fe69ce9523c87b&Expires=1616310189&ssig=KGTwetlPI2&KID=unistore,video",无,2021-03-20 14:58,肖战超话,16536,3010,1661
K73p25LVQ,热门，压黑http://t.cn/A6tdTals  原图 ,,http://wx4.sinaimg.cn/large/b51c2364ly1goqaup4dhaj20u30u077k.jpg,无,无,2021-03-20 13:20,肖战顺顺利利,48,9,10
K73oGyCZf,#肖战# xz #肖战我喜欢你# 等待是一个很美好的词，如少年等待努力开花结果。岁月不曾辜负任何一个付出过真心的人，努力终会有收获，一起成为更好的自己！@X玖少年团肖战DAYTOY  #fanstube# 手捧星光送你的微博视频  ,,无,"http://f.video.weibocdn.com/ohsFzPfBlx07Laf717ao01041200foVW0E010.mp4?label=mp4_hd&template=852x480.25.0&trans_finger=62b30a3f061b162e421008955c73f536&Expires=1616310190&ssig=7fc4xg0w9Q&KID=unistore,video",无,2021-03-20 13:19,肖战超话,18981,3620,1749
K73dGcSCp,大名广场不干净，投票转发净化，每个选项投一遍，四个都要选http://t.cn/A6tdYqzw  [组图共2张] 原图 ,,"http://ww2.sinaimg.cn/large/b51c2364ly1goqa1g1whhj20qo13fdie.jpg,http://ww3.sinaimg.cn/large/b51c2364ly1goqa1gejucj20qo19cjw1.jpg",无,无,2021-03-20 12:52,肖战顺顺利利,37,8,22
K73clvOzB,大名净化 #肖战# 我喜欢肖战 肖战好帅 肖战好帅 肖战我喜欢你 支持肖战影视综艺  ,,无,无,无,2021-03-20 12:49,肖战最好的你超话,8670,13900,1933
K72pV1euj,大名，压黑http://t.cn/A6tdpxCu  ,,无,无,无,2021-03-20 10:50,肖战顺顺利利,31,8,7
K72pkAUzS,#肖战# 你问我要怎么形容你空洞的字都不配比喻没说完的那颗真心会用余生证明@X玖少年团肖战DAYTOY  #提名你的私藏爱豆舞台# | #fanstube# 手捧星光送你的微博视频  ,,无,"http://f.video.weibocdn.com/Z8SUeikblx07LerZRrxu01041200mXFO0E010.mp4?label=mp4_hd&template=852x480.25.0&trans_finger=62b30a3f061b162e421008955c73f536&Expires=1616310201&ssig=HifRTeKwx%2F&KID=unistore,video",无,2021-03-20 10:48,肖战超话,30611,4966,3749
