微博id,微博正文,头条文章url,原始图片url,被转发微博原始图片url,是否为原创微博,微博视频url,发布位置,发布时间,发布工具,点赞数,转发数,评论数
K7bUpdXzS,在每一个当下，选择不消极不埋怨，每一个决定和选择都全力以赴;在每一次的工作中找到自己的乐趣，这就够了。至少自己尽力了，不是吗  [组图共9张] 原图 ,,"http://ww3.sinaimg.cn/large/c07fd0f2ly1gorce5onoyj20a00a044t.jpg,http://ww1.sinaimg.cn/large/c07fd0f2ly1gorce5twsoj20a00a0n46.jpg,http://ww2.sinaimg.cn/large/c07fd0f2ly1gorce62ssfj20a00a0n45.jpg,http://ww1.sinaimg.cn/large/c07fd0f2ly1gorce5ggmzj20a00a0n44.jpg,http://ww1.sinaimg.cn/large/c07fd0f2ly1gorce6ox7lj20a00a0ahk.jpg,http://ww1.sinaimg.cn/large/c07fd0f2ly1gorce7177zj20a00a0qak.jpg,http://ww2.sinaimg.cn/large/c07fd0f2ly1gorce76iqdj20a00a0dmt.jpg,http://ww2.sinaimg.cn/large/c07fd0f2ly1gorce7aywoj20a00a0gsp.jpg,http://ww1.sinaimg.cn/large/c07fd0f2ly1gorce7hiltj20a00a0tfy.jpg",无,True,无,无,2021-03-21 11:00,iPhone客户端,0,0,1
K7boufZjs,#肖战最好的你[超话]##肖战顾魏# 肖战顾魏#肖战余生请多指教# 肖战余生请多指教3.21肖战敏而好学，肖战仪表堂堂，肖战温文尔雅，肖战谦谦君子，肖战玉树临风，肖战乐于助人，肖战气宇轩昂，肖战光明磊落，肖战博学多才，肖战脚踏实地，肖战堂堂正正，肖战问心无愧，肖战襟怀坦荡，肖战勇往直前，肖战不骄不躁，肖战顺顺利利，肖战越来越好！@X玖少年团肖战DAYTOY                  原图                             ,,http://wx2.sinaimg.cn/large/c07fd0f2ly1gora4jy4aej20k50orq4i.jpg,无,True,无,无,2021-03-21 09:41,肖战最好的你超话,0,0,12
K77D4wtm7,"转发理由:期待#肖战余生请多指教# #肖战顾魏#   
原始用户: 心碎却着迷
转发内容: #肖战[超话]##余生请多指教# 余生请多指教什么时候来？顾医生什么时候来？我太期待肖战了啊啊啊啊#肖战余生请多指教#  [组图共9张] 原图 ",,无,"http://ww3.sinaimg.cn/large/006nVVjhly1goqs8te95kj30u0190wnv.jpg,http://ww2.sinaimg.cn/large/006nVVjhly1goqs8u0t4bj30u018zn7l.jpg,http://ww4.sinaimg.cn/large/006nVVjhly1goqs8uhyahj318z0u0ahs.jpg,http://ww1.sinaimg.cn/large/006nVVjhly1goqs8uwn92j30u0193q99.jpg,http://ww4.sinaimg.cn/large/006nVVjhly1goqs90aea8j30u0191ae3.jpg,http://ww4.sinaimg.cn/large/006nVVjhly1goqs8x0llxj30u018z79j.jpg,http://ww3.sinaimg.cn/large/006nVVjhly1goqs8xdizfj30u019049z.jpg,http://ww4.sinaimg.cn/large/006nVVjhly1goqs8spacmj30u01hcn4i.jpg,http://ww2.sinaimg.cn/large/006nVVjhly1goqs8zw6z7j30k00u0jth.jpg",False,无,无,2021-03-21 00:06,iPhone客户端,1,0,0
K77CQmDDa,"转发理由:期待#肖战顾魏# #肖战余生请多指教#   
原始用户: 拔萝卜虾虾团
转发内容: #余生请多指教# xz #肖战顾魏# @X玖少年团肖战DAYTOY 因为有你，余生欢喜肖战顾魏，余生请多指教电视剧余生请多指教的微博视频  ",,无,无,False,无,无,2021-03-21 00:05,iPhone客户端,1,0,0
K77AmmeTv,"转发理由:期待#余生请多指教# #肖战顾魏#  
原始用户: 1005号肥虾饲养部
转发内容: #余生请多指教# xz #肖战顾魏#  “我知道自己拥有的太有限，不希望生命终了的时候心中空旷；现在和你一起相偕老去，即使没有遍走天下。”顾医生，未来请多指教吖@X玖少年团肖战DAYTOY 肖战全平台安利组的微博视频   ",,无,无,False,无,无,2021-03-20 23:59,iPhone客户端,1,0,1
K77vRpyki,"转发理由:致敬英雄城市，期待演员肖战！//@X玖少年团肖战DAYTOY:“致敬英雄城市，共享美好生活， #如梦之梦武汉公益场# 见！”  
原始用户: 央华戏剧
转发内容: #如梦之梦武汉公益场# 致敬英雄城市，共享美好生活；4月22日，保利·央华舞台剧《如梦之梦》武汉公益专场演出正式官宣！“共建明天，神州九城”央华版#如梦之梦#九周年市场演出行动演员阵容及巡演城市公布！  [组图共2张] 原图 ",,无,"http://ww1.sinaimg.cn/large/69560eb1ly1gopchinwebj20u016i1ky.jpg,http://ww1.sinaimg.cn/large/69560eb1ly1gopch8zjzjj20u04w6hdt.jpg",False,无,无,2021-03-20 23:48,iPhone客户端,0,0,0
K75Omuk94,"转发理由:致敬英雄城市，期待演员肖战//@X玖少年团肖战DAYTOY:“致敬英雄城市，共享美好生活， #如梦之梦武汉公益场# 见！”  
原始用户: 央华戏剧
转发内容: #如梦之梦武汉公益场# 致敬英雄城市，共享美好生活；4月22日，保利·央华舞台剧《如梦之梦》武汉公益专场演出正式官宣！“共建明天，神州九城”央华版#如梦之梦#九周年市场演出行动演员阵容及巡演城市公布！  [组图共2张] 原图 ",,无,"http://ww1.sinaimg.cn/large/69560eb1ly1gopchinwebj20u016i1ky.jpg,http://ww1.sinaimg.cn/large/69560eb1ly1gopch8zjzjj20u04w6hdt.jpg",False,无,无,2021-03-20 19:28,iPhone客户端,0,0,0
K75Ns4bxn,"转发理由:#苏战[超话]# 鲨虾了  
原始用户: RedBalloon丨肖战
转发内容: 𝟐𝟏𝟎𝟐𝟐𝟖  𝐊@X玖少年团肖战DAYTOY RedBalloon丨肖战的微博视频  ",,无,无,False,无,无,2021-03-20 19:26,iPhone客户端,0,0,0
K74Q5nZus,"在每一个当下，选择不消极不埋怨，每一个决定和选择都全力以赴;在每一次的工作中找到自己的乐趣，这就够了。至少自己尽力了，不是吗弱者易怒如虎，强者平静如水！岁月静好是片刻,一地鸡毛是日常，面对生活、工作，我们也会以这样的心态向阳而生  [组图共9张] 原图 ",,"http://ww4.sinaimg.cn/large/c07fd0f2ly1goqh2vqajnj20a00a045k.jpg,http://ww2.sinaimg.cn/large/c07fd0f2ly1goqh2w2hvmj20a00a0qao.jpg,http://ww2.sinaimg.cn/large/c07fd0f2ly1goqh2w9obzj20a00a07bv.jpg,http://ww1.sinaimg.cn/large/c07fd0f2ly1goqh2wlfa3j20a00a0n3r.jpg,http://ww1.sinaimg.cn/large/c07fd0f2ly1goqh2x7mcgj20a00a0qap.jpg,http://ww4.sinaimg.cn/large/c07fd0f2ly1goqh2xmiu8j20a00a0tfx.jpg,http://ww3.sinaimg.cn/large/c07fd0f2ly1goqh2vgomgj20a00a0dmd.jpg,http://ww1.sinaimg.cn/large/c07fd0f2ly1goqh2xyckxj20a00a07bv.jpg,http://ww3.sinaimg.cn/large/c07fd0f2ly1goqh2y9n1xj20a00a0ah7.jpg",无,True,无,无,2021-03-20 17:00,iPhone客户端,1,0,0
K7295AUOq,#肖战最好的你[超话]##肖战参演如梦之梦# 肖战参演如梦之梦#如梦之梦九周年# 如梦之梦九周年3.20肖战帅气又才华横溢，我好喜欢肖战！话剧《如梦之梦》官宣了肖战将出演剧中的五号病人。为肖战高兴了！能在话剧舞台上展示自己的实力并与同行、前辈们交流切磋，想想都觉得兴奋！他真的对演戏由衷地热爱啊！不仅演技和台词功力日益精进，还接受了话剧舞台表演的挑战。肖战，你不屈不挠的努力和向阳而生的决心，我们都看在眼里，记在心上！期待舞台上熠熠生辉的你带来的惊喜！@X玖少年团肖战DAYTOY                  原图                             ,,http://wx2.sinaimg.cn/large/c07fd0f2ly1goq5atcsbqj20qo1bewjc.jpg,无,True,无,无,2021-03-20 10:08,肖战最好的你超话,1,0,25
K725Egm3n,"弱者易怒如虎，强者平静如水！岁月静好是片刻,一地鸡毛是日常面对生活、工作，我们也会以这样的心态向阳而生  [组图共9张] 原图 ",,"http://ww1.sinaimg.cn/large/c07fd0f2ly1goq51pfwwyj20a00dcgv7.jpg,http://ww1.sinaimg.cn/large/c07fd0f2ly1goq51q4319j20a00dc11t.jpg,http://ww4.sinaimg.cn/large/c07fd0f2ly1goq51qe4czj20a00dcaic.jpg,http://ww2.sinaimg.cn/large/c07fd0f2ly1goq51qn303j20a00dc7f6.jpg,http://ww1.sinaimg.cn/large/c07fd0f2ly1goq51qxj9aj20a00dcaky.jpg,http://ww3.sinaimg.cn/large/c07fd0f2ly1goq51r7dxuj20a00dcn87.jpg,http://ww1.sinaimg.cn/large/c07fd0f2ly1goq51p2haqj20a00dcqdy.jpg,http://ww1.sinaimg.cn/large/c07fd0f2ly1goq51rjufzj20a00dcdqi.jpg,http://ww4.sinaimg.cn/large/c07fd0f2ly1goq51rtxbhj20a00dcn7h.jpg",无,True,无,无,2021-03-20 10:00,iPhone客户端,0,0,0
K6XnloIw9,保持炙热，坚持下去或许前路未必是光明坦荡但也一定充满无限可能热爱可抵岁月漫长彼此保护从来不是说说而已让我们一起变成更好的人吧成为彼此的骄傲   [组图共9张] 原图 ,,"http://ww1.sinaimg.cn/large/c07fd0f2ly1gopk8f3yoij20a00dcgqr.jpg,http://ww4.sinaimg.cn/large/c07fd0f2ly1gopk8fgm06j20a00dcdkc.jpg,http://ww2.sinaimg.cn/large/c07fd0f2ly1gopk8frp9bj20a00dcwk4.jpg,http://ww3.sinaimg.cn/large/c07fd0f2ly1gopk8g5db2j20a00dc7fr.jpg,http://ww2.sinaimg.cn/large/c07fd0f2ly1gopk8h15pfj20a00dcq8u.jpg,http://ww1.sinaimg.cn/large/c07fd0f2ly1gopk8hbgv6j20a00dcdkk.jpg,http://ww4.sinaimg.cn/large/c07fd0f2ly1gopk8ht3lgj20a00dcn97.jpg,http://ww4.sinaimg.cn/large/c07fd0f2ly1gopk8i4kayj20a00dcq94.jpg,http://ww1.sinaimg.cn/large/c07fd0f2ly1gopk8eo5kcj20a00dc0uc.jpg",无,True,无,无,2021-03-19 22:00,iPhone客户端,0,0,0
K6WZ31Zsl,浮生若梦，岁月如歌 漫漫其修远兮，吾将上下求索 或许前路也未必坦荡与你携手共济依然可以观前路锦绣！祈无恙山河  [组图共9张] 原图 ,,"http://ww4.sinaimg.cn/large/c07fd0f2ly1gopifstaaqj20a00dcgv7.jpg,http://ww1.sinaimg.cn/large/c07fd0f2ly1gopiftcg9pj20a00dc11t.jpg,http://ww3.sinaimg.cn/large/c07fd0f2ly1gopiftue1fj20a00dcaic.jpg,http://ww3.sinaimg.cn/large/c07fd0f2ly1gopifukws3j20a00dc7f6.jpg,http://ww2.sinaimg.cn/large/c07fd0f2ly1gopifv922mj20a00dcaky.jpg,http://ww4.sinaimg.cn/large/c07fd0f2ly1gopifvxnpuj20a00dcn87.jpg,http://ww2.sinaimg.cn/large/c07fd0f2ly1gopifwwiduj20a00dcqdy.jpg,http://ww2.sinaimg.cn/large/c07fd0f2ly1gopifs1ja7j20a00dcdqi.jpg,http://ww1.sinaimg.cn/large/c07fd0f2ly1gopifxqigdj20a00dcn7h.jpg",无,True,无,无,2021-03-19 21:00,iPhone客户端,0,0,0
K6WV2wkqw,"转发理由:#肖战参演如梦之梦# 破界跨界闯世界。 预祝一切顺利，期待演员肖战  
原始用户: X玖少年团肖战DAYTOY
转发内容: #如梦之梦九周年#，看见自己，肖战，走进五号。@央华戏剧 X玖少年团肖战DAYTOY的微博视频  ",,无,无,False,无,无,2021-03-19 20:50,iPhone客户端,0,0,0
K6WALfySH,再书一千又五句牵挂，他渡众生谁渡他，演过诸多别样人生的他。想要哪种啊，爱恨廉价似苍苍蒹葭。云开处吻他伤疤，破万枷散馀霞众相皆渡他。或许他曾也愿望，行走成凡俗模样。破碎伤口藏心下，咽苦嚼痛笑说来路漫长。愿人生如戏开挂，金手指要眷顾他。任世事人心复杂，仍系皎月丹心于白大褂！爱意跌撞进俗世熙攘，借月当心事几行。告诉照亮浮沉人间的他，是目光中央。满腔赤忱任年月走马，万岁千山一个他。歌风雅戏入画自渡尘嚣上。             [组图共9张]      原图                             ,,"http://ww2.sinaimg.cn/large/c07fd0f2ly1gopav1t8i6j20a00dcdjs.jpg,http://ww4.sinaimg.cn/large/c07fd0f2ly1gopav24o1jj20a00dcgpd.jpg,http://ww2.sinaimg.cn/large/c07fd0f2ly1gopav2fhwnj20a00dcju5.jpg,http://ww1.sinaimg.cn/large/c07fd0f2ly1gopav2qbq4j20a00dc43m.jpg,http://ww1.sinaimg.cn/large/c07fd0f2ly1gopav31099j20a00dcafl.jpg,http://ww3.sinaimg.cn/large/c07fd0f2ly1gopav3eegaj20a00dcq7x.jpg,http://ww3.sinaimg.cn/large/c07fd0f2ly1gopav3ponaj20a00dc76c.jpg,http://ww4.sinaimg.cn/large/c07fd0f2ly1gopav3z9woj20a00dcwge.jpg,http://ww3.sinaimg.cn/large/c07fd0f2ly1gopav4ub4nj20a00dcdh1.jpg",无,True,无,无,2021-03-19 20:00,iPhone客户端,0,0,2
K6VY9sAzV,"转发理由:期待  
原始用户: X玖少年团肖战DAYTOY
转发内容: #如梦之梦九周年#，看见自己，肖战，走进五号。@央华戏剧 X玖少年团肖战DAYTOY的微博视频  ",,无,无,False,无,无,2021-03-19 18:25,iPhone客户端,0,0,0
K6VXVtLxN,"转发理由:加油//@X玖少年团肖战DAYTOY:“致敬英雄城市，共享美好生活， #如梦之梦武汉公益场# 见！”  
原始用户: 央华戏剧
转发内容: #如梦之梦武汉公益场# 致敬英雄城市，共享美好生活；4月22日，保利·央华舞台剧《如梦之梦》武汉公益专场演出正式官宣！“共建明天，神州九城”央华版#如梦之梦#九周年市场演出行动演员阵容及巡演城市公布！  [组图共2张] 原图 ",,无,"http://ww1.sinaimg.cn/large/69560eb1ly1gopchinwebj20u016i1ky.jpg,http://ww1.sinaimg.cn/large/69560eb1ly1gopch8zjzjj20u04w6hdt.jpg",False,无,无,2021-03-19 18:24,iPhone客户端,0,0,0
K6TQhoTNQ,落笔一千零五句情话，合笺将念想赠他。有人给他举伞吗，他的愿都实现了吗。爱恨廉价似苍苍蒹葭，历尽千帆仍无瑕。纵风煞毁如麻佑众相渡他！一路滚打肃杀，扮龙套亦自洽，从海报边步步撞入画。也饰众生挣扎，酣畅难自拔。苦艾后劲皆贪共与他，那少年身仗狼牙。唇角藏意气风发，拂雪看人间坦荡。烈风驭下且把狂云驯驾，抬眼波一身风华。辨不清谁染韶光，年少成名万鬼怕。望光亮两世皆行走潇洒！再书一千又五句牵挂，他渡众生谁渡他，演过诸多别样人生的他。想要哪种啊，爱恨廉价似苍苍蒹葭。云开处吻他伤疤，破万枷散馀霞众相皆渡他。或许他曾也愿望，行走成凡俗模样。破碎伤口藏心下，咽苦嚼痛笑说来路漫长。愿人生如戏开挂，金手指要眷顾他。任世事人心复杂，仍系皎月丹心于白大褂！爱意跌撞进俗世熙攘，借月当心事几行。告诉照亮浮沉人间的他，是目光中央。满腔赤忱任年月走马，万岁千山一个他。歌风雅戏入画自渡尘嚣上。             [组图共9张]      原图                             ,,"http://ww4.sinaimg.cn/large/c07fd0f2ly1gop3vrj3v6j20a00dcgqr.jpg,http://ww3.sinaimg.cn/large/c07fd0f2ly1gop3vs1dgmj20a00dcdkc.jpg,http://ww1.sinaimg.cn/large/c07fd0f2ly1gop3vsa3drj20a00dcwk4.jpg,http://ww3.sinaimg.cn/large/c07fd0f2ly1gop3vst126j20a00dc7fr.jpg,http://ww1.sinaimg.cn/large/c07fd0f2ly1gop3vt4g83j20a00dcq8u.jpg,http://ww3.sinaimg.cn/large/c07fd0f2ly1gop3vtebkyj20a00dcdkk.jpg,http://ww4.sinaimg.cn/large/c07fd0f2ly1gop4n4lgtwj20a00dcn97.jpg,http://ww2.sinaimg.cn/large/c07fd0f2ly1gop4n5005mj20a00dcq94.jpg,http://ww1.sinaimg.cn/large/c07fd0f2ly1gop3vr1zccj20a00dc0uc.jpg",无,True,无,无,2021-03-19 13:00,iPhone客户端,0,0,0
K6TrQsWSj,保持炙热，坚持下去或许前路未必是光明坦荡但也一定充满无限可能热爱可抵岁月漫长彼此保护从来不是说说而已让我们一起变成更好的人吧成为彼此的骄傲  [组图共9张] 原图 ,,"http://ww2.sinaimg.cn/large/c07fd0f2ly1gop0t5ubohj20a00dcthk.jpg,http://ww4.sinaimg.cn/large/c07fd0f2ly1gop0t68u8qj20a00dctiy.jpg,http://ww2.sinaimg.cn/large/c07fd0f2ly1gop0t6gy0dj20a00dcn88.jpg,http://ww3.sinaimg.cn/large/c07fd0f2ly1gop0t6ou23j20a00dck21.jpg,http://ww3.sinaimg.cn/large/c07fd0f2ly1gop0t71o5fj20a00dcqdu.jpg,http://ww4.sinaimg.cn/large/c07fd0f2ly1gop0t79omkj20a00dcqde.jpg,http://ww1.sinaimg.cn/large/c07fd0f2ly1gop0t7isr0j20a00dcn6v.jpg,http://ww3.sinaimg.cn/large/c07fd0f2ly1gop0t7q5a3j20a00dc45o.jpg,http://ww4.sinaimg.cn/large/c07fd0f2ly1gop0t7xroxj20a00dcajr.jpg",无,True,无,无,2021-03-19 12:00,iPhone客户端,0,0,0
K6SH32WJT,"转发理由:  
原始用户: 一菜二白
转发内容: 感受一下肖战食指戴上戒指的手~好苏~细节到手指都是完美的#肖战# xz#肖战顾魏#  @X玖少年团肖战DAYTOY   [组图共9张] 原图 ",,无,"http://ww2.sinaimg.cn/large/006Bu4AOly1goo20v2gd1j30qy19b41z.jpg,http://ww1.sinaimg.cn/large/006Bu4AOly1goo1yd83snj30o00g0dm7.jpg,http://ww4.sinaimg.cn/large/006Bu4AOly1goo1ydj076j30k00k0gmt.jpg,http://ww3.sinaimg.cn/large/006Bu4AOly1goo1ye8y4sj30u00xrdkl.jpg,http://ww3.sinaimg.cn/large/006Bu4AOly1goo1yg9e5xg30oy0j4npe.gif,http://ww4.sinaimg.cn/large/006Bu4AOly1goo1yere36j30mj11jwx4.jpg,http://ww1.sinaimg.cn/large/006Bu4AOly1goo1yf6atkj30k00u0abt.jpg,http://ww3.sinaimg.cn/large/006Bu4AOly1goo1ygim0lj30qo140adv.jpg,http://ww1.sinaimg.cn/large/006Bu4AOly1goo21cxvspj30qy0qygu7.jpg",False,无,无,2021-03-19 10:04,iPhone客户端,0,0,0
K6SCq4f3D,"转发理由:  
原始用户: 1005号肥虾饲养部
转发内容: #斗罗大陆超长花絮# 还有《策马正少年》录音现场幕后花絮快来看看认真工作的三哥 @X玖少年团肖战DAYTOY 《策马正少年》肖战侧拍版MV 任艰难险阻无畏挑战   ",,无,无,False,无,无,2021-03-19 09:53,iPhone客户端,0,0,0
K6ScmAGZt,#肖战最好的你[超话]# 3.19互#肖战顾魏# xz #肖战余生请多指教# 肖战顾魏肖战余生请多指教肖战非常非常非常帅，肖战演技好，肖战唱歌棒，肖战人品好，肖战最温柔，热爱可抵岁月漫长，永远爱你@X玖少年团肖战DAYTOY   原图 ,,http://wx4.sinaimg.cn/large/c07fd0f2ly1gooxdu8rpxj20ku194e2b.jpg,无,True,无,无,2021-03-19 08:49,肖战最好的你超话,1,0,30
K6OJF5aYT,保持炙热，坚持下去或许前路未必是光明坦荡但也一定充满无限可能热爱可抵岁月漫长彼此保护从来不是说说而已让我们一起变成更好的人吧成为彼此的骄傲。                               不骄不躁戒熬夜，破界跨界闯世界礼貌、克制就是我的真实所有的一切都是未知的，我们能做好的就只有当下哪怕房檐跟屋梁把生活压得再低，它还是有另外一片天空的希望每一个努力工作的人难道不值得表扬吗             [组图共9张]      原图                             ,,"http://ww2.sinaimg.cn/large/c07fd0f2ly1gooi3imjfvj20a00dcjw8.jpg,http://ww3.sinaimg.cn/large/c07fd0f2ly1gooi3iqjkej20a00dcdkl.jpg,http://ww3.sinaimg.cn/large/c07fd0f2ly1gooi3ixda1j20a00dcq6n.jpg,http://ww4.sinaimg.cn/large/c07fd0f2ly1gooi3j4br5j20a00dcjzk.jpg,http://ww2.sinaimg.cn/large/c07fd0f2ly1gooi3kqi0lj20a00dc124.jpg,http://ww4.sinaimg.cn/large/c07fd0f2ly1gooi3ihbolj20a00dctg5.jpg,http://ww1.sinaimg.cn/large/c07fd0f2ly1gooi3l3oqoj20a00dcn5u.jpg,http://ww4.sinaimg.cn/large/c07fd0f2ly1gooi3lfi57j20a00dck0h.jpg,http://ww2.sinaimg.cn/large/c07fd0f2ly1gooi3lna9bj20a00dcdo0.jpg",无,True,无,无,2021-03-19 00:00,iPhone客户端,0,0,0
K6Oyp3Dy7,"转发理由:啊啊啊啊啊啊啊啊啊啊啊//@一菜二白:哥哥的眼睛是长钩子了吧？//@-下午我在旧居烧信:世俗的愿望我也不只一天两天了🚬//@你也追巨星吗:我最近对他世俗的欲望真的很强烈🚬  
原始用户: -下午我在旧居烧信
转发内容: #肖战# 点开DY真的倒吸一口气😫  [组图共2张] 原图 ",,无,"http://ww3.sinaimg.cn/large/69aa9008ly1goohqliwrlg20cy0in1l9.gif,http://ww4.sinaimg.cn/large/69aa9008ly1goohqg8y98g20cw0ine8b.gif",False,无,无,2021-03-18 23:32,iPhone客户端,0,0,0
K6Na91rrJ,冬日寒风吹起满屏风霜黑墨泼在白色的纸张远方的聒噪熙熙攘攘你的光只是被落叶遮挡春日树梢拂过你的脸庞你微笑面对虚空的张狂那刺目的刀峰明晃晃带不走你眼中的希望那隐藏在深处恶意的欢畅挡不住振翅高飞的梦想迎着黎明后那道霞光总能退散所有欲望肮脏没有人能夺走你的远方星星的光点指引着心房彼此保护不是说说就好道阻且长我们一起徜徉没有人能夺走你的远方就像鸽子总要追着太阳这岁月漫长用热爱丈量看着夕阳 我们来日方长冬日寒风吹起满屏风霜黑墨泼在白色的纸张远方的聒噪熙熙攘攘你的光只是被落叶遮挡春日树梢拂过你的脸庞你微笑面对虚空的张狂那刺目的刀峰明晃晃带不走你眼中的希望那隐藏在深处恶意的欢畅挡不住振翅高飞的梦想迎着黎明后那道霞光总能退散所有欲望肮脏没有人能夺走你的远方星星的光点指引着心房彼此保护不是说说就好道阻且长我们一起徜徉没有人能夺走你的远方就像鸽子总要追着太阳这岁月漫长用热爱丈量看着夕阳我们来日方长蒲公英在天空中飞翔还要多久才能撒满希望你看那夏已至王子终会披上戎装没有人能夺走你的远方星星的光点指引着心房彼此保护不是说说就好道阻且长我们一起徜徉没有人能夺走你的远方就像鸽子总要追着太阳这岁月漫长用热爱丈量             [组图共9张]      原图                             ,,"http://ww2.sinaimg.cn/large/c07fd0f2ly1gooajg3px4j20dc0a075q.jpg,http://ww4.sinaimg.cn/large/c07fd0f2ly1gooajgiiklj20dc0a041l.jpg,http://ww2.sinaimg.cn/large/c07fd0f2ly1gooajgsqvrj20dc0a0te0.jpg,http://ww3.sinaimg.cn/large/c07fd0f2ly1gooajh6etuj20dc0a0qbr.jpg,http://ww1.sinaimg.cn/large/c07fd0f2ly1gooajhk0ztj20dc0a0thj.jpg,http://ww4.sinaimg.cn/large/c07fd0f2ly1gooajhwm99j20dc0a0aiv.jpg,http://ww1.sinaimg.cn/large/c07fd0f2ly1gooajibpw5j20dc0a0n8c.jpg,http://ww2.sinaimg.cn/large/c07fd0f2ly1gooajiuxnbj20dc0a049c.jpg,http://ww2.sinaimg.cn/large/c07fd0f2ly1gooajftr0wj20dc0a0dqg.jpg",无,True,无,无,2021-03-18 20:00,iPhone客户端,0,0,0
K6MX5li0u,"转发理由://@itsashou_:老公真厉害  
原始用户: 一条南极的鱼
转发内容:  #肖战# ｜#钱苏一刻#  [组图共4张] 原图 ",,无,"http://ww1.sinaimg.cn/large/006kPbEOly1goo8jp79s4g30n60ehe8i.gif,http://ww2.sinaimg.cn/large/006kPbEOly1goo8jsxa69g30ow0k07wo.gif,http://ww3.sinaimg.cn/large/006kPbEOly1goo8k1sxijg30jk0b44qt.gif,http://ww3.sinaimg.cn/large/006kPbEOly1goo8jy9lzug30e20p0b2n.gif",False,无,无,2021-03-18 19:28,iPhone客户端,0,0,0
K6M1Kiwy3,"转发理由:  
原始用户: 有钱浅浅
转发内容: #肖战# 要命了要命了，怼脸！大怼脸！！肖战啊！！！太帅了！！！我承受不住了@X玖少年团肖战DAYTOY #我喜欢肖战# 有钱浅浅的微博视频  ",,无,无,False,无,无,2021-03-18 17:06,iPhone客户端,0,0,0
K6LZLlV7W,"转发理由:再凑个人头，反正也得不到@全世界最最最好吃的小面包 @为战而笑X@温暖治愈的巨兔   
原始用户: 东方卫视番茄台
转发内容: #番茄福利社# #番茄同学会#叮咚～肖战@X玖少年团肖战DAYTOY 亲笔签名照请查收，关注@东方卫视番茄台 +转赞评本条微博+艾特你的三位好友，即有机会获得！番茄君将于3月20日（周六）17:00通过@微博抽奖平台 ，抽出一位小飞侠送出福利。想要就赶快参与吧~番茄惊喜不停，下周还会继续哦～  抽奖详情              原图                     ",,无,http://wx2.sinaimg.cn/large/001VDYkMly1goo54w20jhj61510u0hdt02.jpg,False,无,无,2021-03-18 17:01,iPhone客户端,0,0,0
K6LYJsXlQ,"转发理由:凑个人头，反正也得不到@全世界最最最好吃的小面包@Love安xz然 @为战而笑X  
原始用户: 东方卫视番茄台
转发内容: #番茄福利社# #番茄同学会#叮咚～肖战@X玖少年团肖战DAYTOY 亲笔签名照请查收，关注@东方卫视番茄台 +转赞评本条微博+艾特你的三位好友，即有机会获得！番茄君将于3月20日（周六）17:00通过@微博抽奖平台 ，抽出一位小飞侠送出福利。想要就赶快参与吧~番茄惊喜不停，下周还会继续哦～  抽奖详情              原图                     ",,无,http://wx2.sinaimg.cn/large/001VDYkMly1goo54w20jhj61510u0hdt02.jpg,False,无,无,2021-03-18 16:59,iPhone客户端,0,1,1
K6JD3uyXC,众相渡他落笔一千零五句情话，合笺将念想赠他。有人给他举伞吗，他的愿都实现了吗。爱恨廉价似苍苍蒹葭，历尽千帆仍无瑕。纵风煞毁如麻佑众相渡他！一路滚打肃杀，扮龙套亦自洽，从海报边步步撞入画。也饰众生挣扎，酣畅难自拔。苦艾后劲皆贪共与他，那少年身仗狼牙。唇角藏意气风发，拂雪看人间坦荡。烈风驭下且把狂云驯驾，抬眼波一身风华。辨不清谁染韶光，年少成名万鬼怕。望光亮两世皆行走潇洒！             [组图共9张]      原图                             ,,"http://ww1.sinaimg.cn/large/c07fd0f2ly1gonvjac0b8j20dc0a0djw.jpg,http://ww1.sinaimg.cn/large/c07fd0f2ly1gonvjamyyuj20dc0a0417.jpg,http://ww1.sinaimg.cn/large/c07fd0f2ly1gonvjat6ygj20dc0a0q3j.jpg,http://ww1.sinaimg.cn/large/c07fd0f2ly1gonvjb1c6oj20dc0a0n5m.jpg,http://ww4.sinaimg.cn/large/c07fd0f2ly1gonvjbifh7j20dc0a0qar.jpg,http://ww1.sinaimg.cn/large/c07fd0f2ly1gonvjbvs1kj20dc0a0tgm.jpg,http://ww4.sinaimg.cn/large/c07fd0f2ly1gonvjc7pspj20dc0a0ai3.jpg,http://ww4.sinaimg.cn/large/c07fd0f2ly1gonvjcixtsj20dc0a0aiu.jpg,http://ww3.sinaimg.cn/large/c07fd0f2ly1gonvjct8ulj20dc0a0thx.jpg",无,True,无,无,2021-03-18 11:00,iPhone客户端,0,0,0
K6Jzkskch,"转发理由:帅哥就是要怼脸拍  
原始用户: 你该美丽中带着刺
转发内容: #肖战##肖战我喜欢你# 你好，@肖战工作室 请整点这种给我看看 #肖战顾魏#  [组图共9张] 原图 ",,无,"http://ww4.sinaimg.cn/large/007aIu3Uly1gonulo8ch8j30zn1x2k9v.jpg,http://ww4.sinaimg.cn/large/007aIu3Uly1gonulp398vj30ze1v8ttb.jpg,http://ww4.sinaimg.cn/large/007aIu3Uly1gonulq5vx1j30zo1s3npd.jpg,http://ww3.sinaimg.cn/large/007aIu3Uly1gonulqp118j30zo1vaguz.jpg,http://ww4.sinaimg.cn/large/007aIu3Uly1gonulra4nqj30zo1v54hj.jpg,http://ww1.sinaimg.cn/large/007aIu3Uly1gonulrsdo2j30zo1v74d0.jpg,http://ww3.sinaimg.cn/large/007aIu3Uly1gonult0jouj30zo1mle81.jpg,http://ww4.sinaimg.cn/large/007aIu3Uly1gonuluadrbj30zo1ucu0x.jpg,http://ww2.sinaimg.cn/large/007aIu3Uly1gonulnkl14j30z91u1u0x.jpg",False,无,无,2021-03-18 10:51,iPhone客户端,0,0,0
K6JeD82oT,落笔一千零五句情话，合笺将念想赠他。有人给他举伞吗，他的愿都实现了吗。爱恨廉价似苍苍蒹葭，历尽千帆仍无瑕。纵风煞毁如麻佑众相渡他！一路滚打肃杀，扮龙套亦自洽，从海报边步步撞入画。也饰众生挣扎，酣畅难自拔。苦艾后劲皆贪共与他，那少年身仗狼牙。唇角藏意气风发，拂雪看人间坦荡。烈风驭下且把狂云驯驾，抬眼波一身风华。辨不清谁染韶光，年少成名万鬼怕。望光亮两世皆行走潇洒！再书一千又五句牵挂，他渡众生谁渡他，演过诸多别样人生的他。想要哪种啊，爱恨廉价似苍苍蒹葭。云开处吻他伤疤，破万枷散馀霞众相皆渡他。或许他曾也愿望，行走成凡俗模样。破碎伤口藏心下，咽苦嚼痛笑说来路漫长。愿人生如戏开挂，金手指要眷顾他。任世事人心复杂，仍系皎月丹心于白大褂！爱意跌撞进俗世熙攘，借月当心事几行。告诉照亮浮沉人间的他，是目光中央。满腔赤忱任年月走马，万岁千山一个他。歌风雅戏入画自渡尘嚣上。             [组图共9张]      原图                             ,,"http://ww4.sinaimg.cn/large/c07fd0f2ly1gontreqducj20dc0a0djw.jpg,http://ww4.sinaimg.cn/large/c07fd0f2ly1gontrey0eej20dc0a0417.jpg,http://ww4.sinaimg.cn/large/c07fd0f2ly1gontrf422gj20dc0a0q3j.jpg,http://ww3.sinaimg.cn/large/c07fd0f2ly1gontrfbrhsj20dc0a0n5m.jpg,http://ww1.sinaimg.cn/large/c07fd0f2ly1gontrfnumzj20dc0a0qar.jpg,http://ww1.sinaimg.cn/large/c07fd0f2ly1gontreh0hkj20dc0a0tgm.jpg,http://ww1.sinaimg.cn/large/c07fd0f2ly1gontrfu34pj20dc0a0ai3.jpg,http://ww4.sinaimg.cn/large/c07fd0f2ly1gontrg37b4j20dc0a0aiu.jpg,http://ww1.sinaimg.cn/large/c07fd0f2ly1gontrga9e5j20dc0a0thx.jpg",无,True,无,无,2021-03-18 10:00,iPhone客户端,1,0,0
K6J5r7MhW,#肖战最好的你[超话]##肖战顾魏# 肖战顾魏#肖战余生请多指教# 肖战余生请多指教3.18[兔子]肖战可可爱爱，肖战仪表堂堂，肖战温文尔雅，肖战谦谦君子，肖战玉树临风，肖战唱歌棒，肖战很暖心，肖战人品好，肖战有礼貌，肖战非常敬业，肖战平安顺遂，肖战未来可期，肖战星途璀璨，肖战越来越好@X玖少年团肖战DAYTOY                  原图                             ,,http://wx2.sinaimg.cn/large/c07fd0f2ly1gont5s3gf4j20uv0flwhf.jpg,无,True,无,无,2021-03-18 09:37,肖战最好的你超话,0,0,30
K6IQgvcZO,驭风你就像溪流宁静风铃在响阳光摇晃像夏风路过我身旁漫天星辉为你永悬为你夜夜长为你闪烁着耀眼的光回眸一望在我眼中落下星芒得以窥见你的身旁藏着荣光它正来得漫长回眸一望在我心头留下星芒得以窥见少年首昂仿似仙郎不可肖想也曾与诽骂中伤傲骨抵抗保护对方许下承诺从未轻妄真心护航你的泪都交付我珍藏为你永筑爱的乌托邦当逐天光岁岁步步如愿以偿幸运尽兴不遇跌宕一路坦荡驭风扶摇直上             [组图共9张]      原图                             ,,"http://ww3.sinaimg.cn/large/c07fd0f2ly1gons1qeh98j20a00a0mxq.jpg,http://ww3.sinaimg.cn/large/c07fd0f2ly1gons1qk6edj20a00a0q3n.jpg,http://ww2.sinaimg.cn/large/c07fd0f2ly1gons1qp9dsj20a00a03yb.jpg,http://ww3.sinaimg.cn/large/c07fd0f2ly1gons1qx4o2j20a00a0djb.jpg,http://ww1.sinaimg.cn/large/c07fd0f2ly1gons1q7z4bj20a00a0n0t.jpg,http://ww1.sinaimg.cn/large/c07fd0f2ly1gons1r3usvj20a00a074v.jpg,http://ww3.sinaimg.cn/large/c07fd0f2ly1gons1r9sv4j20a00a00t7.jpg,http://ww2.sinaimg.cn/large/c07fd0f2ly1gons1ri01jj20a00a0wii.jpg,http://ww3.sinaimg.cn/large/c07fd0f2ly1gons1rpaj9j20a00a03yu.jpg",无,True,无,无,2021-03-18 09:00,iPhone客户端,0,0,0
K6IN2f8PT,"转发理由:  
原始用户: 江喃而已
转发内容: 和肖战的结婚现场色链@昨日他梦_ #肖战 人间烟火气天上神仙颜# 江喃而已的微博视频  ",,无,无,False,无,无,2021-03-18 08:52,iPhone客户端,0,0,0
K6IKQe2pj,"转发理由:  
原始用户: 呆桃燚
转发内容: #出场必出彩# 从舞台到荧幕，从歌手到演员。 肖战从未停止努力。 向阳而生，不忘初心。 期待歌手、演员 肖战 更多的优秀作品！ #肖战#  [组图共9张] 原图 ",,无,"http://ww3.sinaimg.cn/large/6a4976eely1gon8zrn945j20u0191jyz.jpg,http://ww3.sinaimg.cn/large/6a4976eely1gon8hbp1kij20u0190jys.jpg,http://ww2.sinaimg.cn/large/6a4976eely1gon8jubudej20fp0ns426.jpg,http://ww1.sinaimg.cn/large/6a4976eely1gon8hf441qj20lq0t5q7o.jpg,http://ww1.sinaimg.cn/large/6a4976eely1gon8ha4detj21900u07ar.jpg,http://ww3.sinaimg.cn/large/6a4976eely1gon8hehjxbj20u0190dlg.jpg,http://ww3.sinaimg.cn/large/6a4976eely1gon8jdnboyj20u019012i.jpg,http://ww1.sinaimg.cn/large/6a4976eely1gon8jfy22fj20u01907e8.jpg,http://ww1.sinaimg.cn/large/6a4976eely1gon8jivaoej20u0190woq.jpg",False,无,无,2021-03-18 08:46,iPhone客户端,0,0,0
K6EUJwtD5,众相渡他落笔一千零五句情话，合笺将念想赠他。有人给他举伞吗，他的愿都实现了吗。爱恨廉价似苍苍蒹葭，历尽千帆仍无瑕。纵风煞毁如麻佑众相渡他！爱意跌撞进俗世熙攘，借月当心事几行。告诉照亮浮沉人间的他，是目光中央。满腔赤忱任年月走马，万岁千山一个他。歌风雅戏入画自渡尘嚣上。             [组图共9张]      原图                             ,,"http://ww2.sinaimg.cn/large/c07fd0f2ly1gonaoxio0oj20a00a0dgd.jpg,http://ww4.sinaimg.cn/large/c07fd0f2ly1gonaoxti6nj20a00a03zf.jpg,http://ww1.sinaimg.cn/large/c07fd0f2ly1gonaoy0kwqj20a00a03yb.jpg,http://ww4.sinaimg.cn/large/c07fd0f2ly1gonaoyacq6j20a00a0q5c.jpg,http://ww2.sinaimg.cn/large/c07fd0f2ly1gonap004uuj20a00a0dky.jpg,http://ww2.sinaimg.cn/large/c07fd0f2ly1gonaox6jhkj20a00a078c.jpg,http://ww2.sinaimg.cn/large/c07fd0f2ly1gonap0z3eej20a00a0wi1.jpg,http://ww4.sinaimg.cn/large/c07fd0f2ly1gonap1fwmpj20a00a040v.jpg,http://ww4.sinaimg.cn/large/c07fd0f2ly1gonap1pf7bj20a00a00uj.jpg",无,True,无,无,2021-03-17 23:00,iPhone客户端,0,0,0
K6E8a7KOE,你就像溪流宁静风铃在响阳光摇晃像夏风路过我身旁漫天星辉为你永悬为你夜夜长为你闪烁着耀眼的光回眸一望在我眼中落下星芒得以窥见你的身旁藏着荣光它正来得漫长回眸一望在我心头留下星芒得以窥见少年首昂仿似仙郎不可肖想也曾与诽骂中伤傲骨抵抗保护对方许下承诺从未轻妄真心护航你的泪都交付我珍藏为你永筑爱的乌托邦当逐天光岁岁步步如愿以偿幸运尽兴不遇跌宕一路坦荡驭风扶摇直上当逐天光岁岁步步如愿以偿幸运尽兴再无荒唐光芒万丈 潇洒漂亮曾几何时追逐着的那缕梦想如今正被阳光照亮锋芒难藏 困途亦难阻挡再祝此生 风光无泪少年愿偿总有阳光将你照亮前路坦荡 再无风霜             [组图共9张]      原图                             ,,"http://ww3.sinaimg.cn/large/c07fd0f2ly1gon6q73v17j20a00a0dgj.jpg,http://ww4.sinaimg.cn/large/c07fd0f2ly1gon6q7os1uj20a00a0n08.jpg,http://ww3.sinaimg.cn/large/c07fd0f2ly1gon6q7vkqoj20a00a03yb.jpg,http://ww4.sinaimg.cn/large/c07fd0f2ly1gon6q8dytxj20a00a0wh2.jpg,http://ww2.sinaimg.cn/large/c07fd0f2ly1gon6q8zt5pj20a00a044j.jpg,http://ww3.sinaimg.cn/large/c07fd0f2ly1gon6q9c1vcj20a00a0go7.jpg,http://ww3.sinaimg.cn/large/c07fd0f2ly1gon6q9o2t8j20a00a0wgt.jpg,http://ww4.sinaimg.cn/large/c07fd0f2ly1gon6q6n8nzj20a00a0tbs.jpg,http://ww1.sinaimg.cn/large/c07fd0f2ly1gon6q9z3kgj20a00a0di0.jpg",无,True,无,无,2021-03-17 21:00,iPhone客户端,0,0,0
K6zR3qdR9,#肖战最好的你[超话]##肖战顾魏# 肖战顾魏#肖战余生请多指教# 肖战余生请多指教3.17肖战敏而好学，肖战仪表堂堂，肖战温文尔雅，肖战谦谦君子，肖战玉树临风，肖战气宇轩昂，肖战光明磊落，肖战博学多才，肖战脚踏实地，肖战堂堂正正，肖战襟怀坦荡，肖战勇往直前，肖战不骄不躁，肖战顺顺利利，肖战福运常伴，肖战越来越好@X玖少年团肖战DAYTOY                  原图                             ,,http://wx3.sinaimg.cn/large/c07fd0f2ly1gomoekyz4xg20hn0d34qu.gif,无,True,无,无,2021-03-17 10:07,肖战最好的你超话,3,0,48
K6zO9ae4w,众相渡他落笔一千零五句情话，合笺将念想赠他。有人给他举伞吗，他的愿都实现了吗。爱恨廉价似苍苍蒹葭，历尽千帆仍无瑕。纵风煞毁如麻佑众相渡他！  [组图共9张] 原图 ,,"http://ww4.sinaimg.cn/large/c07fd0f2ly1goly41a50uj20dc0a0tb3.jpg,http://ww3.sinaimg.cn/large/c07fd0f2ly1goly410cemj20dc0a0jte.jpg,http://ww2.sinaimg.cn/large/c07fd0f2ly1goly41jmw3j20dc0a0abv.jpg,http://ww1.sinaimg.cn/large/c07fd0f2ly1goly41rzquj20dc0a0gr1.jpg,http://ww4.sinaimg.cn/large/c07fd0f2ly1goly42564qj20dc0a0dmi.jpg,http://ww4.sinaimg.cn/large/c07fd0f2ly1goly42hcd1j20dc0a0wki.jpg,http://ww3.sinaimg.cn/large/c07fd0f2ly1goly42ss9xj20dc0a0do7.jpg,http://ww4.sinaimg.cn/large/c07fd0f2ly1goly431kkwj20dc0a07bs.jpg,http://ww3.sinaimg.cn/large/c07fd0f2ly1goly43p3o1j20dc0a0n4c.jpg",无,True,无,无,2021-03-17 10:00,iPhone客户端,0,0,0
K6u3dFAsL,"转发理由:毕业快乐//@itsashou_:去发现自己的潜力，去创造属于自己的世界。唐三@X玖少年团肖战DAYTOY 毕业快乐，不说再见！#肖战唐三#   
原始用户: X玖少年团肖战DAYTOY
转发内容: 万物有灵，当温柔以待。去发现自己的潜力，去创造属于自己的世界。无论结果是什么，我都会向阳而生。谢谢每一位工作人员，谢谢唐三你带给我的一切，再见了！  [组图共9张] 原图 ",,无,"http://ww1.sinaimg.cn/large/6ade4348ly1golnkh9g2aj22c02c0x6p.jpg,http://ww1.sinaimg.cn/large/6ade4348ly1golnkuwusmj22c02c0qv7.jpg,http://ww1.sinaimg.cn/large/6ade4348ly1golnkqm1fzj22c02c0hdv.jpg,http://ww1.sinaimg.cn/large/6ade4348ly1golnkocr10j22c02c01l0.jpg,http://ww1.sinaimg.cn/large/6ade4348ly1golnkkqmryj218w0u0qi6.jpg,http://ww4.sinaimg.cn/large/6ade4348ly1golnkjlhi7j20wi1rlx6r.jpg,http://ww2.sinaimg.cn/large/6ade4348ly1golnkwpjz3j22c02c0hdu.jpg,http://ww1.sinaimg.cn/large/6ade4348ly1golnkskcjyj22c02c07wi.jpg,http://ww1.sinaimg.cn/large/6ade4348ly1golnky5swaj22c02c0ayo.jpg",False,无,无,2021-03-16 19:20,iPhone客户端,0,0,0
K6twt8XXH,落笔一千零五句情话，合笺将念想赠他。有人给他举伞吗，他的愿都实现了吗。爱恨廉价似苍苍蒹葭，历尽千帆仍无瑕。纵风煞毁如麻佑众相渡他！一路滚打肃杀，扮龙套亦自洽，从海报边步步撞入画。也饰众生挣扎，酣畅难自拔。苦艾后劲皆贪共与他，那少年身仗狼牙。唇角藏意气风发，拂雪看人间坦荡。烈风驭下且把狂云驯驾，抬眼波一身风华。辨不清谁染韶光，年少成名万鬼怕。望光亮两世皆行走潇洒！再书一千又五句牵挂，他渡众生谁渡他，演过诸多别样人生的他。想要哪种啊，爱恨廉价似苍苍蒹葭。云开处吻他伤疤，破万枷散馀霞众相皆渡他。或许他曾也愿望，行走成凡俗模样。破碎伤口藏心下，咽苦嚼痛笑说来路漫长。愿人生如戏开挂，金手指要眷顾他。任世事人心复杂，仍系皎月丹心于白大褂！爱意跌撞进俗世熙攘，借月当心事几行。告诉照亮浮沉人间的他，是目光中央。满腔赤忱任年月走马，万岁千山一个他。歌风雅戏入画自渡尘嚣上。             [组图共9张]      原图                             ,,"http://ww4.sinaimg.cn/large/c07fd0f2ly1golv4zqxbjj20a00dc424.jpg,http://ww2.sinaimg.cn/large/c07fd0f2ly1golv504cwbj20a00dcn5u.jpg,http://ww2.sinaimg.cn/large/c07fd0f2ly1golv50lvzxj20a00dc10b.jpg,http://ww4.sinaimg.cn/large/c07fd0f2ly1golv517972j20a00dc0yu.jpg,http://ww4.sinaimg.cn/large/c07fd0f2ly1golv53f08fj20a00dc11a.jpg,http://ww3.sinaimg.cn/large/c07fd0f2ly1golv4zfcdij20a00dctdl.jpg,http://ww4.sinaimg.cn/large/c07fd0f2ly1golv53qlw1j20a00dc7a0.jpg,http://ww4.sinaimg.cn/large/c07fd0f2ly1golwfzyibej20a00dcn4x.jpg,http://ww4.sinaimg.cn/large/c07fd0f2ly1golwg0f9rtj20a00dcaf1.jpg",无,True,无,无,2021-03-16 18:00,iPhone客户端,0,0,0
K6toyzytH,"转发理由:毕业快乐，下次再见//@itsashou_:恭喜三哥，毕业快乐，不说再见，唐三真的很棒！希望有个明星可以和三哥你一样有开挂的人生  
原始用户: X玖少年团肖战DAYTOY
转发内容: 万物有灵，当温柔以待。去发现自己的潜力，去创造属于自己的世界。无论结果是什么，我都会向阳而生。谢谢每一位工作人员，谢谢唐三你带给我的一切，再见了！  [组图共9张] 原图 ",,无,"http://ww1.sinaimg.cn/large/6ade4348ly1golnkh9g2aj22c02c0x6p.jpg,http://ww1.sinaimg.cn/large/6ade4348ly1golnkuwusmj22c02c0qv7.jpg,http://ww1.sinaimg.cn/large/6ade4348ly1golnkqm1fzj22c02c0hdv.jpg,http://ww1.sinaimg.cn/large/6ade4348ly1golnkocr10j22c02c01l0.jpg,http://ww1.sinaimg.cn/large/6ade4348ly1golnkkqmryj218w0u0qi6.jpg,http://ww4.sinaimg.cn/large/6ade4348ly1golnkjlhi7j20wi1rlx6r.jpg,http://ww2.sinaimg.cn/large/6ade4348ly1golnkwpjz3j22c02c0hdu.jpg,http://ww1.sinaimg.cn/large/6ade4348ly1golnkskcjyj22c02c07wi.jpg,http://ww1.sinaimg.cn/large/6ade4348ly1golnky5swaj22c02c0ayo.jpg",False,无,无,2021-03-16 17:40,iPhone客户端,0,0,0
K6sRoi9eT,#肖战最好的你[超话]##肖战告别斗罗大陆# 肖战告别斗罗大陆#肖战唐三# 肖战唐三唐三毕业快乐！！我们的懵懂少年成长成为了有领导者风范的强者无惧前方冒险 共赴青春热血有幸看到唐三的故事 暂告一段落了 不说再见 期待重逢～祝贺肖战唐三毕业啦一起成长，共同进步啊@X玖少年团肖战DAYTOY                  原图                             ,,http://wx4.sinaimg.cn/large/c07fd0f2ly1goltiwavgnj20u00u0qb7.jpg,无,True,无,无,2021-03-16 16:19,肖战最好的你超话,1,1,43
K6sKA3Seu,"转发理由://@呆桃燚:哇！43亿，完美收官！！感谢@CCTV电视剧 、 @腾讯视频 。 “亿陆”相伴，感谢有你。肖战唐三好棒！！！ #肖战斗罗大陆# xz #肖战唐三# @X玖少年团肖战DAYTOY  
原始用户: 电视剧斗罗大陆
转发内容: #电视剧斗罗大陆##电视剧斗罗大陆收官# 央视@CCTV电视剧 ，@腾讯视频 43亿完美收官 史兰客七怪无畏风雨并肩前行，“亿陆”相伴，感谢有你  原图 ",,无,http://wx3.sinaimg.cn/large/007vJaBCly1golsgpqwqkj32bc0t6000.jpg,False,无,无,2021-03-16 16:02,iPhone客户端,0,0,0
K6sKvxhlR,"转发理由://@肖战网宣官微:#肖战[超话]# #肖战斗罗大陆# 三哥@X玖少年团肖战DAYTOY 以43亿完美告别！朝朝暮暮，感谢有你。#肖战唐三#  
原始用户: 电视剧斗罗大陆
转发内容: #电视剧斗罗大陆##电视剧斗罗大陆收官# 央视@CCTV电视剧 ，@腾讯视频 43亿完美收官 史兰客七怪无畏风雨并肩前行，“亿陆”相伴，感谢有你  原图 ",,无,http://wx3.sinaimg.cn/large/007vJaBCly1golsgpqwqkj32bc0t6000.jpg,False,无,无,2021-03-16 16:02,iPhone客户端,0,0,0
K6sJM6sF3,你好，是开播34天播放量破40亿集均破亿，央八首轮上星二轮无缝次黄档，日播放量最高2.11亿，德塔文指数2021唯一破三，男频玄幻电视剧斗罗大陆的青年演员肖战小飞侠的整点养🐁帖  [组图共9张] 原图 ,,"http://ww2.sinaimg.cn/large/c07fd0f2ly1golst53ml1j206z06zq6a.jpg,http://ww2.sinaimg.cn/large/c07fd0f2ly1golst5cutqj206z06z0w8.jpg,http://ww3.sinaimg.cn/large/c07fd0f2ly1golst5mzyfj206z06zwhy.jpg,http://ww1.sinaimg.cn/large/c07fd0f2ly1golst634alj206z06zwhp.jpg,http://ww2.sinaimg.cn/large/c07fd0f2ly1golst6avp0j206z06zwhp.jpg,http://ww1.sinaimg.cn/large/c07fd0f2ly1golst6kctcj206z06zadj.jpg,http://ww3.sinaimg.cn/large/c07fd0f2ly1golst71wp4j206z06z41t.jpg,http://ww2.sinaimg.cn/large/c07fd0f2ly1golst7dhhbj206z06z0w4.jpg,http://ww1.sinaimg.cn/large/c07fd0f2ly1golst7osddj206z06zwhu.jpg",无,True,无,无,2021-03-16 16:00,iPhone客户端,0,0,0
K6syhik5a,"转发理由:恭喜三哥，毕业快乐，不说再见//@呆桃燚:这段时间，我跟着剧版唐三笑过，也哭过。你对角色的认真和付出，我们都有感受到。台词棒，演技棒。你真的一次比一次更优秀了！哥！喜欢你真的让我觉得好骄傲啊～期待肖战更多的优秀作品！  
原始用户: X玖少年团肖战DAYTOY
转发内容: 万物有灵，当温柔以待。去发现自己的潜力，去创造属于自己的世界。无论结果是什么，我都会向阳而生。谢谢每一位工作人员，谢谢唐三你带给我的一切，再见了！  [组图共9张] 原图 ",,无,"http://ww1.sinaimg.cn/large/6ade4348ly1golnkh9g2aj22c02c0x6p.jpg,http://ww1.sinaimg.cn/large/6ade4348ly1golnkuwusmj22c02c0qv7.jpg,http://ww1.sinaimg.cn/large/6ade4348ly1golnkqm1fzj22c02c0hdv.jpg,http://ww1.sinaimg.cn/large/6ade4348ly1golnkocr10j22c02c01l0.jpg,http://ww1.sinaimg.cn/large/6ade4348ly1golnkkqmryj218w0u0qi6.jpg,http://ww4.sinaimg.cn/large/6ade4348ly1golnkjlhi7j20wi1rlx6r.jpg,http://ww2.sinaimg.cn/large/6ade4348ly1golnkwpjz3j22c02c0hdu.jpg,http://ww1.sinaimg.cn/large/6ade4348ly1golnkskcjyj22c02c07wi.jpg,http://ww1.sinaimg.cn/large/6ade4348ly1golnky5swaj22c02c0ayo.jpg",False,无,无,2021-03-16 15:31,iPhone客户端,0,0,0
K6sxlsNZa,"转发理由:向阳而生，一起成长，共同进步//@手捧星光送你:去发现自己的潜力，去创造属于自己的世界！永远向阳而生！@X玖少年团肖战DAYTOY    
原始用户: X玖少年团肖战DAYTOY
转发内容: 万物有灵，当温柔以待。去发现自己的潜力，去创造属于自己的世界。无论结果是什么，我都会向阳而生。谢谢每一位工作人员，谢谢唐三你带给我的一切，再见了！  [组图共9张] 原图 ",,无,"http://ww1.sinaimg.cn/large/6ade4348ly1golnkh9g2aj22c02c0x6p.jpg,http://ww1.sinaimg.cn/large/6ade4348ly1golnkuwusmj22c02c0qv7.jpg,http://ww1.sinaimg.cn/large/6ade4348ly1golnkqm1fzj22c02c0hdv.jpg,http://ww1.sinaimg.cn/large/6ade4348ly1golnkocr10j22c02c01l0.jpg,http://ww1.sinaimg.cn/large/6ade4348ly1golnkkqmryj218w0u0qi6.jpg,http://ww4.sinaimg.cn/large/6ade4348ly1golnkjlhi7j20wi1rlx6r.jpg,http://ww2.sinaimg.cn/large/6ade4348ly1golnkwpjz3j22c02c0hdu.jpg,http://ww1.sinaimg.cn/large/6ade4348ly1golnkskcjyj22c02c07wi.jpg,http://ww1.sinaimg.cn/large/6ade4348ly1golnky5swaj22c02c0ayo.jpg",False,无,无,2021-03-16 15:29,iPhone客户端,0,0,0
K6sv8CQLQ,"转发理由:祝贺//@肖战影音会官微:#肖战[超话]#那些拼尽全力的奔走，都有迹可循，和唐三互相陪伴一起听风的日子，将永远被珍藏。#电视剧斗罗大陆收官#以诚为径，无远弗届，愿你抬眼时，总有绚烂烟火绽放。@X玖少年团肖战DAYTOY  
原始用户: X玖少年团肖战DAYTOY
转发内容: 万物有灵，当温柔以待。去发现自己的潜力，去创造属于自己的世界。无论结果是什么，我都会向阳而生。谢谢每一位工作人员，谢谢唐三你带给我的一切，再见了！  [组图共9张] 原图 ",,无,"http://ww1.sinaimg.cn/large/6ade4348ly1golnkh9g2aj22c02c0x6p.jpg,http://ww1.sinaimg.cn/large/6ade4348ly1golnkuwusmj22c02c0qv7.jpg,http://ww1.sinaimg.cn/large/6ade4348ly1golnkqm1fzj22c02c0hdv.jpg,http://ww1.sinaimg.cn/large/6ade4348ly1golnkocr10j22c02c01l0.jpg,http://ww1.sinaimg.cn/large/6ade4348ly1golnkkqmryj218w0u0qi6.jpg,http://ww4.sinaimg.cn/large/6ade4348ly1golnkjlhi7j20wi1rlx6r.jpg,http://ww2.sinaimg.cn/large/6ade4348ly1golnkwpjz3j22c02c0hdu.jpg,http://ww1.sinaimg.cn/large/6ade4348ly1golnkskcjyj22c02c07wi.jpg,http://ww1.sinaimg.cn/large/6ade4348ly1golnky5swaj22c02c0ayo.jpg",False,无,无,2021-03-16 15:24,iPhone客户端,0,0,0
K6stJtOSt,"转发理由:唐三毕业快乐//@1005号肥虾饲养部:#肖战[超话]# 唐三毕业快乐！#肖战唐三# @X玖少年团肖战DAYTOY //@肖战工作室:唐三顺利毕业，@X玖少年团肖战DAYTOY 精彩继续，期待再相遇！  
原始用户: X玖少年团肖战DAYTOY
转发内容: 万物有灵，当温柔以待。去发现自己的潜力，去创造属于自己的世界。无论结果是什么，我都会向阳而生。谢谢每一位工作人员，谢谢唐三你带给我的一切，再见了！  [组图共9张] 原图 ",,无,"http://ww1.sinaimg.cn/large/6ade4348ly1golnkh9g2aj22c02c0x6p.jpg,http://ww1.sinaimg.cn/large/6ade4348ly1golnkuwusmj22c02c0qv7.jpg,http://ww1.sinaimg.cn/large/6ade4348ly1golnkqm1fzj22c02c0hdv.jpg,http://ww1.sinaimg.cn/large/6ade4348ly1golnkocr10j22c02c01l0.jpg,http://ww1.sinaimg.cn/large/6ade4348ly1golnkkqmryj218w0u0qi6.jpg,http://ww4.sinaimg.cn/large/6ade4348ly1golnkjlhi7j20wi1rlx6r.jpg,http://ww2.sinaimg.cn/large/6ade4348ly1golnkwpjz3j22c02c0hdu.jpg,http://ww1.sinaimg.cn/large/6ade4348ly1golnkskcjyj22c02c07wi.jpg,http://ww1.sinaimg.cn/large/6ade4348ly1golnky5swaj22c02c0ayo.jpg",False,无,无,2021-03-16 15:20,iPhone客户端,0,0,0
K6sstpVRt,"转发理由:祝贺唐三毕业#肖战告别斗罗大陆#  
原始用户: X玖少年团肖战DAYTOY
转发内容: 万物有灵，当温柔以待。去发现自己的潜力，去创造属于自己的世界。无论结果是什么，我都会向阳而生。谢谢每一位工作人员，谢谢唐三你带给我的一切，再见了！  [组图共9张] 原图 ",,无,"http://ww1.sinaimg.cn/large/6ade4348ly1golnkh9g2aj22c02c0x6p.jpg,http://ww1.sinaimg.cn/large/6ade4348ly1golnkuwusmj22c02c0qv7.jpg,http://ww1.sinaimg.cn/large/6ade4348ly1golnkqm1fzj22c02c0hdv.jpg,http://ww1.sinaimg.cn/large/6ade4348ly1golnkocr10j22c02c01l0.jpg,http://ww1.sinaimg.cn/large/6ade4348ly1golnkkqmryj218w0u0qi6.jpg,http://ww4.sinaimg.cn/large/6ade4348ly1golnkjlhi7j20wi1rlx6r.jpg,http://ww2.sinaimg.cn/large/6ade4348ly1golnkwpjz3j22c02c0hdu.jpg,http://ww1.sinaimg.cn/large/6ade4348ly1golnkskcjyj22c02c07wi.jpg,http://ww1.sinaimg.cn/large/6ade4348ly1golnky5swaj22c02c0ayo.jpg",False,无,无,2021-03-16 15:17,iPhone客户端,0,0,0
K6sm67hXc,"转发理由://@itsashou_:好哥哥  
原始用户: 春日樱花集
转发内容: #肖战# 仪式感满满的肖哥  [组图共9张] 原图 ",,无,"http://ww2.sinaimg.cn/large/006XQH0Cly1goloahglelj30u00td79u.jpg,http://ww4.sinaimg.cn/large/006XQH0Cly1goloahrzpuj30u00u0djb.jpg,http://ww4.sinaimg.cn/large/006XQH0Cly1goloai575cj30qo0vrac9.jpg,http://ww2.sinaimg.cn/large/006XQH0Cly1goloaixx8mj30u00qldkl.jpg,http://ww2.sinaimg.cn/large/006XQH0Cly1goloauqhllj30u01hckce.jpg,http://ww4.sinaimg.cn/large/006XQH0Cly1goloajd8j2j30u011ajyq.jpg,http://ww3.sinaimg.cn/large/006XQH0Cly1goloajrkz7j30qo0nwq5s.jpg,http://ww4.sinaimg.cn/large/006XQH0Cly1goloajzw7gj30nr0rrq4o.jpg,http://ww1.sinaimg.cn/large/006XQH0Cly1goloaom7phj30qo11bn3s.jpg",False,无,无,2021-03-16 15:01,iPhone客户端,1,0,0
K6sb35Pt5,"转发理由:祝贺毕业，后会有期  
原始用户: X玖少年团肖战DAYTOY
转发内容: 万物有灵，当温柔以待。去发现自己的潜力，去创造属于自己的世界。无论结果是什么，我都会向阳而生。谢谢每一位工作人员，谢谢唐三你带给我的一切，再见了！  [组图共9张] 原图 ",,无,"http://ww1.sinaimg.cn/large/6ade4348ly1golnkh9g2aj22c02c0x6p.jpg,http://ww1.sinaimg.cn/large/6ade4348ly1golnkuwusmj22c02c0qv7.jpg,http://ww1.sinaimg.cn/large/6ade4348ly1golnkqm1fzj22c02c0hdv.jpg,http://ww1.sinaimg.cn/large/6ade4348ly1golnkocr10j22c02c01l0.jpg,http://ww1.sinaimg.cn/large/6ade4348ly1golnkkqmryj218w0u0qi6.jpg,http://ww4.sinaimg.cn/large/6ade4348ly1golnkjlhi7j20wi1rlx6r.jpg,http://ww2.sinaimg.cn/large/6ade4348ly1golnkwpjz3j22c02c0hdu.jpg,http://ww1.sinaimg.cn/large/6ade4348ly1golnkskcjyj22c02c07wi.jpg,http://ww1.sinaimg.cn/large/6ade4348ly1golnky5swaj22c02c0ayo.jpg",False,无,无,2021-03-16 14:34,iPhone客户端,0,0,0
K6s0IcFrF,"转发理由:恭喜毕业，后会有期  
原始用户: X玖少年团肖战DAYTOY
转发内容: 万物有灵，当温柔以待。去发现自己的潜力，去创造属于自己的世界。无论结果是什么，我都会向阳而生。谢谢每一位工作人员，谢谢唐三你带给我的一切，再见了！  [组图共9张] 原图 ",,无,"http://ww1.sinaimg.cn/large/6ade4348ly1golnkh9g2aj22c02c0x6p.jpg,http://ww1.sinaimg.cn/large/6ade4348ly1golnkuwusmj22c02c0qv7.jpg,http://ww1.sinaimg.cn/large/6ade4348ly1golnkqm1fzj22c02c0hdv.jpg,http://ww1.sinaimg.cn/large/6ade4348ly1golnkocr10j22c02c01l0.jpg,http://ww1.sinaimg.cn/large/6ade4348ly1golnkkqmryj218w0u0qi6.jpg,http://ww4.sinaimg.cn/large/6ade4348ly1golnkjlhi7j20wi1rlx6r.jpg,http://ww2.sinaimg.cn/large/6ade4348ly1golnkwpjz3j22c02c0hdu.jpg,http://ww1.sinaimg.cn/large/6ade4348ly1golnkskcjyj22c02c07wi.jpg,http://ww1.sinaimg.cn/large/6ade4348ly1golnky5swaj22c02c0ayo.jpg",False,无,无,2021-03-16 14:09,iPhone客户端,0,0,0
K6rz0x10Y,"转发理由:唐三毕业快乐，希望他一切顺利@X玖少年团肖战DAYTOY   
原始用户: X玖少年团肖战DAYTOY
转发内容: 万物有灵，当温柔以待。去发现自己的潜力，去创造属于自己的世界。无论结果是什么，我都会向阳而生。谢谢每一位工作人员，谢谢唐三你带给我的一切，再见了！  [组图共9张] 原图 ",,无,"http://ww1.sinaimg.cn/large/6ade4348ly1golnkh9g2aj22c02c0x6p.jpg,http://ww1.sinaimg.cn/large/6ade4348ly1golnkuwusmj22c02c0qv7.jpg,http://ww1.sinaimg.cn/large/6ade4348ly1golnkqm1fzj22c02c0hdv.jpg,http://ww1.sinaimg.cn/large/6ade4348ly1golnkocr10j22c02c01l0.jpg,http://ww1.sinaimg.cn/large/6ade4348ly1golnkkqmryj218w0u0qi6.jpg,http://ww4.sinaimg.cn/large/6ade4348ly1golnkjlhi7j20wi1rlx6r.jpg,http://ww2.sinaimg.cn/large/6ade4348ly1golnkwpjz3j22c02c0hdu.jpg,http://ww1.sinaimg.cn/large/6ade4348ly1golnkskcjyj22c02c07wi.jpg,http://ww1.sinaimg.cn/large/6ade4348ly1golnky5swaj22c02c0ayo.jpg",False,无,无,2021-03-16 13:01,iPhone客户端,0,0,0
K6rnZBPMg,"转发理由:我也凑个人头  
原始用户: 出戏
转发内容: #肖战[超话]##电视剧斗罗大陆收官# 斗罗大陆收官送福利啦～唐三@X玖少年团肖战DAYTOY 签名照等着你哦～关注@出戏 ，转发这条微博就有幸运鹅get哦[太开心]  原图 ",,无,http://wx3.sinaimg.cn/large/0067sZsely1goll5whc5jj32c02c0qv5.jpg,False,无,无,2021-03-16 12:33,iPhone客户端,0,0,0
K6qhsstcI,"转发理由:  
原始用户: 你该美丽中带着刺
转发内容: #肖战# 夸肖战鼻子。好多人都只夸肖战的眼睛好看，其实他的骨相好，很重要的一点就是他的鼻子长得好。之前采访问他觉得自己五官哪里最好看，肖战回答说鼻子，我就知道，我哥的眼光不错！男子力强的特质，重点体现在鼻骨脸型。侧面看颌面整体偏直面型感，细看，是因为鼻子够挺拔，鼻头灵动，拉起了面中部，给微微的翘唇+翘下巴足够发挥的空间。他是教科书式的【悬胆鼻】。山根端秀，鼻梁高挺，鼻头丰满，生的是端正的富贵相。肖战只论鼻子就可以鲨众人了。#我喜欢肖战#         [组图共9张]      原图                     ",,无,"http://ww1.sinaimg.cn/large/007aIu3Uly1gohjpqg0xtj30u01kpb29.jpg,http://ww4.sinaimg.cn/large/007aIu3Uly1gohjq0mkyij30ql1hu7wh.jpg,http://ww3.sinaimg.cn/large/007aIu3Uly1gohjqaj3kpj30k410gwn1.jpg,http://ww1.sinaimg.cn/large/007aIu3Uly1gohjq9283oj30j80q3q4v.jpg,http://ww1.sinaimg.cn/large/007aIu3Uly1gohjqb5zd2j30yi1pck47.jpg,http://ww2.sinaimg.cn/large/007aIu3Uly1gohjqbwm0xj30v91p7k48.jpg,http://ww4.sinaimg.cn/large/007aIu3Uly1gohjqchu5dj30ui1i948q.jpg,http://ww2.sinaimg.cn/large/007aIu3Uly1gohjqcylnuj30qe0ttq86.jpg,http://ww4.sinaimg.cn/large/007aIu3Uly1gohjqhzcz9g30lc0qo1kz.gif",False,无,无,2021-03-16 09:45,iPhone客户端,1,0,0
K6qhbAI5V,"转发理由:  
原始用户: 胡作非为de欲哥哥
转发内容: #肖战唐三# #肖战用心诠释史兰客精神# 【唐三all中心向】《香剑吟》唐三×小龙女            唐三×招摇唐三×拓拔玉儿        唐三×战羡“江山如画 却独爱美人”  三哥，是大英雄#唐三bking时刻# @X玖少年团肖战DAYTOY #fanstube# 胡作非为de欲哥哥的微博视频  ",,无,无,False,无,无,2021-03-16 09:44,iPhone客户端,0,0,0
K6pUHbheh,#肖战最好的你[超话]# #肖战顾魏# 肖战顾魏#肖战余生请多指教# 肖战余生请多指教3.16互肖战赤诚善良，肖战君子如竹，肖战谦逊有礼，肖战勤奋努力，肖战诚恳待人，肖战行胜于言，肖战茂林修竹，肖战热心公益，肖战清醒自律，肖战万事顺遂，肖战顺利平安，肖战健康快乐，肖战未来可期。期待肖战余生请多指教@X玖少年团肖战DAYTOY             [组图共9张]      原图                             ,,"http://ww4.sinaimg.cn/large/c07fd0f2ly1golgiipbt6j20u0190afw.jpg,http://ww1.sinaimg.cn/large/c07fd0f2ly1golgiizrxlj21900u0gsc.jpg,http://ww1.sinaimg.cn/large/c07fd0f2ly1golgijanbwj20u01hbwme.jpg,http://ww1.sinaimg.cn/large/c07fd0f2ly1golgikbx00j20u0190gsm.jpg,http://ww4.sinaimg.cn/large/c07fd0f2ly1golgijx7qvj20u01900yp.jpg,http://ww3.sinaimg.cn/large/c07fd0f2ly1golgikojkaj20u018zwjq.jpg,http://ww4.sinaimg.cn/large/c07fd0f2ly1golgikwtbdj20qo190q76.jpg,http://ww3.sinaimg.cn/large/c07fd0f2ly1golgild5o4j20qo18zdkb.jpg,http://ww2.sinaimg.cn/large/c07fd0f2ly1golgii0f3qj235s35su0y.jpg",无,True,无,无,2021-03-16 08:48,肖战最好的你超话,1,0,26
K6pSEFHPi,"转发理由:  
原始用户: 手捧星光送你
转发内容: #斗罗大陆全网播放量超43.2亿# |#肖战# 恭喜斗罗大陆在cctv8的二轮上星完美收官！全网播放量超43.2亿，央视频端内播放量超6千万！今年唯一指数破3的爆剧！恭喜@X玖少年团肖战DAYTOY ，以梦为马，志存远方，不负韶华！烈焰燃心尖，策马正少年！#fanstube# 手捧星光送你的微博视频  ",,无,无,False,无,无,2021-03-16 08:43,iPhone客户端,0,0,0
K6pStqZAQ,"转发理由:  
原始用户: 肖战工作室
转发内容: #唐三bking时刻#唐三@X玖少年团肖战DAYTOY 今天拽了吗？三哥一直拽得明明白白 #肖战[超话]# 肖战工作室的微博视频  ",,无,无,False,无,无,2021-03-16 08:43,iPhone客户端,0,0,0
K6lfayHZv,"转发理由:  
原始用户: 手捧星光送你
转发内容: #肖战为中国电视报庆生VCR#肖战：中国电视报40岁生日快乐，越办越好！还有最后那熟悉的结尾手势肖战cut@X玖少年团肖战DAYTOY #唐三bking时刻#  | #fanstube# 手捧星光送你的微博视频  ",,无,无,False,无,无,2021-03-15 20:55,iPhone客户端,1,0,0
K6k5Z6Lsp,你好，是开播34天播放量破40亿集均破亿，央八首轮上星二轮无缝次黄档，日播放量最高2.11亿，德塔文指数2021唯一破三，男频玄幻电视剧斗罗大陆的青年演员肖战的小得侠的整点养🐁帖  [组图共9张] 原图 ,,"http://ww4.sinaimg.cn/large/c07fd0f2ly1gokqtwpqphj205905bt8s.jpg,http://ww3.sinaimg.cn/large/c07fd0f2ly1gokqtwz4uwj205905bq37.jpg,http://ww1.sinaimg.cn/large/c07fd0f2ly1gokqtx5uswj205905bglr.jpg,http://ww3.sinaimg.cn/large/c07fd0f2ly1gokqtxc8z1j205905bwfa.jpg,http://ww3.sinaimg.cn/large/c07fd0f2ly1gokqtwhmy2j205905b3zt.jpg,http://ww2.sinaimg.cn/large/c07fd0f2ly1gokqtxigvaj205905b3zh.jpg,http://ww3.sinaimg.cn/large/c07fd0f2ly1gokqtxohc5j205905bwet.jpg,http://ww1.sinaimg.cn/large/c07fd0f2ly1gokqtxtqmdj205905bgmt.jpg,http://ww2.sinaimg.cn/large/c07fd0f2ly1gokqty1mzhj205905b756.jpg",无,True,无,无,2021-03-15 18:00,iPhone客户端,0,0,0
K6iRxbSKn,#肖战最好的你[超话]# 肖战#肖战斗罗大陆# 肖战#肖战唐三# 3.15兔兔肖战清爽干净！肖战真诚随性！肖战温暖平和！肖战丰神俊朗！肖战酷帅无比！肖战正能量艺人！肖战踏实认真！肖战积极上进！肖战乐观敬业！肖战礼貌谦逊！肖战有礼有节！肖战演技灵动！肖战最帅肖战最好，我喜欢肖战@X玖少年团肖战DAYTOY              [组图共2张]      原图                             ,,"http://ww2.sinaimg.cn/large/c07fd0f2ly1gokldxaubej20u0190wo3.jpg,http://ww4.sinaimg.cn/large/c07fd0f2ly1gokldwt6j3j20u019010r.jpg",无,True,无,无,2021-03-15 14:51,肖战最好的你超话,1,1,41
K6go5sIgd,#肖战最好的你[超话]##肖战斗罗大陆# 肖战#肖战唐三# 3.15互兔[兔子]肖战我喜欢你。所有阴霾愁云终将有云消雨霁之时，所有不可逾越的高山大海，都会化为一马平川。古有君子如竹，不刚不柔，高风亮节 今有青年如竹，勇立潮头，方显担当 肖战温柔且坚定，厚积而薄发，演员肖战未来可期@X玖少年团肖战DAYTOY                   原图                             ,,http://wx1.sinaimg.cn/large/c07fd0f2gy1gokagj35m1j21900u0gsc.jpg,无,True,无,无,2021-03-15 08:33,肖战最好的你超话,10,0,38
K6gmn58VQ,"转发理由:  
原始用户: Hey_雪宝
转发内容: #肖战[超话]#｜#我画的就是肖战# 105号卡丁车选手🆚7号冰球运动员@X玖少年团肖战DAYTOY  原图 ",,无,http://wx1.sinaimg.cn/large/0067BJRQgy1gojvprse2bj31iy1jk7ir.jpg,False,无,无,2021-03-15 08:29,iPhone客户端,0,0,0
K6gm8o43L,"转发理由:  
转发内容:  ",,无,无,False,无,无,2021-03-15 08:29,iPhone客户端,0,0,0
K6b3M9QOE,肖战正能量艺人，肖战带领粉丝热心做公益，肖战演技好，肖战唱歌棒，肖战颜值高，肖战有礼貌，肖战工作努力，肖战非常敬业，肖战尊敬前辈，肖战绅士风度，肖战三观正，肖战引领粉丝越来越优秀，肖战是根正苗红的好艺人  [组图共9张] 原图 ,,"http://ww4.sinaimg.cn/large/c07fd0f2ly1gojmxfa3fkj20a00dcgsk.jpg,http://ww4.sinaimg.cn/large/c07fd0f2ly1gojmxfl73pj20a00dcjy8.jpg,http://ww3.sinaimg.cn/large/c07fd0f2ly1gojmxfrlgzj20a00dcgs1.jpg,http://ww4.sinaimg.cn/large/c07fd0f2ly1gojmxfytgej20a00dcwmd.jpg,http://ww3.sinaimg.cn/large/c07fd0f2ly1gojmxg7lf7j20a00dcjxc.jpg,http://ww3.sinaimg.cn/large/c07fd0f2ly1gojmxgetogj20a00dcjyh.jpg,http://ww2.sinaimg.cn/large/c07fd0f2ly1gojmxgq9fij20a00dcdms.jpg,http://ww4.sinaimg.cn/large/c07fd0f2ly1gojmxgwvj5j20a00dcdmg.jpg,http://ww3.sinaimg.cn/large/c07fd0f2ly1gojmxh6ircj20a00dc7bx.jpg",无,True,无,无,2021-03-14 19:00,iPhone客户端,0,0,0
K689zx6sD,#肖战最好的你[超话]# 肖战#肖战斗罗大陆# xz #肖战唐三# 3.14互兔兔肖战赤诚善良，肖战谦逊有礼，肖战勤奋努力，肖战诚恳待人，肖战行胜于言，肖战热心公益，肖战清醒自律，肖战未来可期。🌻肖战平安喜乐、顺顺利利！肖战，我喜欢你！xz @X玖少年团肖战DAYTOY                  原图                             ,,http://wx2.sinaimg.cn/large/c07fd0f2ly1goja3x2xaij20u0190afw.jpg,无,True,无,无,2021-03-14 11:36,肖战最好的你超话,5,1,69
K5XhS2b4k,#肖战最好的你[超话]##肖战斗罗大陆# xz #肖战唐三# 互[兔子]，必回肖战，我猝不及防的心动，始料不及的惊鸿肖战正能量艺人，肖战赤诚善良，肖战品貌非凡，肖战温文尔雅，肖战温暖向阳，肖战干净通透，肖战谦逊有礼，肖战玉树临风，肖战工作敬业，肖战顺顺利利，肖战健健康康，肖战平安喜乐，我喜欢肖战@X玖少年团肖战DAYTOY                  原图                             ,,http://wx4.sinaimg.cn/large/c07fd0f2ly1gohy4prc6mj20u013xwm2.jpg,无,True,无,无,2021-03-13 07:56,肖战最好的你超话,3,0,36
K5OfQetDr,#肖战最好的你[超话]##肖战斗罗大陆# xz #肖战唐三# 3.12 每日一夸，互送祝福肖战正能量艺人，肖战演技好，肖战唱歌棒，肖战三观正，肖战人品好，肖战平安喜乐，肖战顺顺利利，肖战星途璀璨，肖战扶摇直上@X玖少年团肖战DAYTOY   原图 ,,http://wx4.sinaimg.cn/large/c07fd0f2ly1gogu95ognyj20k00u7jwl.jpg,无,True,无,无,2021-03-12 08:56,肖战最好的你超话,2,0,42
K5KJbheXw,"转发理由:请问，你看，我还有机会吗@1005号肥虾饲养部  
原始用户: 1005号肥虾饲养部
转发内容: #肖战唐三# #肖战斗罗大陆# 🎉 姗姗来迟的庆祝——破4⃣抽取④位虾虾分别送出：1.祖传手幅×2（转发）2.mini pb×2（评论）我们相约下一次哦    抽奖详情  [组图共3张] 原图 ",,无,"http://ww1.sinaimg.cn/large/005CBpauly1gog8e4oiprj33402c0kjr.jpg,http://ww3.sinaimg.cn/large/005CBpauly1gog89nzi29j30qo1byjuj.jpg,http://ww1.sinaimg.cn/large/005CBpauly1gog8al5z4aj30p90fg0td.jpg",False,无,无,2021-03-11 23:57,iPhone客户端,0,1,1
K5FULFLsQ,"转发理由:  
原始用户: 手捧星光送你
转发内容: #肖战# xz#肖战陌森眼镜品牌代言人# 用时间书写自己的故事，用行动实现手中蓝图，做纯粹的梦想实现者，每一面都是未来的自己。为梦想逐步前行，用行动实践手中蓝图@X玖少年团肖战DAYTOY #fanstube#  MOLSION陌森眼镜的微博视频  ",,无,无,False,无,无,2021-03-11 11:42,iPhone客户端,0,0,0
K5FMdwQsP,"转发理由:  
原始用户: 秃噜皮皮酱
转发内容: #肖战# xz#肖战正能量艺人# 翩翩公子长成时，将人气与努力糅合用实力证明，来看看舞台歌手战吧肖战好帅@X玖少年团肖战DAYTOY  思肖觅战的微博视频   ",,无,无,False,无,无,2021-03-11 11:21,iPhone客户端,0,0,0
K5FM7DjSZ,"转发理由:  
原始用户: 战羡兔紙
转发内容: #肖战顾魏# xz#肖战# 肖战｜最幸运的幸运怼脸镜头真的是绝了，将每一帧盛世美颜都收在镜头内。我的女孩，我想让别人，我想让她们，羡慕你！肖战，你就是我最幸运的幸运！@X玖少年团肖战DAYTOY 期待肖战 余生请多指教！#肖战正能量艺人# cr/凭君语的微博视频  ",,无,无,False,无,无,2021-03-11 11:21,iPhone客户端,0,0,0
K5FM261aw,"转发理由:  
原始用户: 你该美丽中带着刺
转发内容: #肖战# #肖战我喜欢你# 融化冬日冰雪 满载浪漫与温柔是你@X玖少年团肖战DAYTOY Luckyseven进球的瞬间 冰球少年从此成为初恋#肖战冰球运动推广大使#  思肖觅战的微博视频  ",,无,无,False,无,无,2021-03-11 11:21,iPhone客户端,0,0,0
K5F296agB,#肖战最好的你[超话]##肖战斗罗大陆# xz #肖战光点2020全球单曲畅销榜第七# 3.11互🐰 肖战正能量艺人，肖战引领粉丝做公益，肖战演技好，肖战唱歌棒，肖战颜值高，，肖战人好，肖战有礼貌，肖战工作努力，肖战非常敬业，肖战尊敬前辈，肖战绅士风度，肖战三观正，肖战是好艺人！肖战非常棒！肖战很帅！@X玖少年团肖战DAYTOY                  原图                             ,,http://wx3.sinaimg.cn/large/c07fd0f2ly1gofpjqtx7ij20k00u7jwl.jpg,无,True,无,无,2021-03-11 09:28,肖战最好的你超话,1,1,34
K5vff5nCx,#肖战最好的你[超话]##肖战斗罗大陆# xz 斗罗大陆#肖战陌森眼镜品牌代言人# xz陌森眼镜3.10互夸[心]  求兔兔肖战顺顺利利，肖战健健康康，肖战平安喜乐，肖战嗨嗨皮皮，肖战正能量艺人，肖战和粉丝热心做公益，肖战演技好，肖战唱歌棒，肖战颜值高，肖战暖心，肖战人品好，肖战有礼貌，肖战工作努力，肖战非常敬业，肖战绅士风度，肖战三观正，肖战是根正苗红的好艺人！@X玖少年团肖战DAYTOY                  原图                             ,,http://wx4.sinaimg.cn/large/c07fd0f2ly1goeiaysyzog212w0pbnq3.gif,无,True,无,无,2021-03-10 08:32,肖战最好的你超话,5,1,35
K5msg8Kfv,"转发理由:很帅，是不是，有木有  
原始用户: MOLSION陌森眼镜
转发内容: 每一部作品，每一个角色，都诠释多面才华。温柔的、坚毅的每一面，都是最真实的自己。《演员篇》已登场，与#肖战陌森眼镜品牌代言人# 一起#直面每一面#，释放才能，让更多人看到不同。更多篇章即将开启，敬请期待。【才华镜 MJ6118 B90 】 天猫 🔗  陌森2021春季新品眼镜架大框光学近视眼镜潮流百搭光学镜MJ6118  京东🔗 【才华镜】陌森肖战同款21新品男眼镜架大框光学近视眼女光学镜MJ6118 肖战同款B90+定制礼天猫陌森旗舰店🔗  TMALL京东陌森旗舰店🔗  http://t.cn/RmiyMMk MOLSION陌森眼镜的微博视频                     ",,无,无,False,无,无,2021-03-09 10:10,iPhone客户端,0,0,0
K5lVCBSlH,#肖战最好的你[超话]# xz #肖战陌森眼镜品牌代言人# xz #肖战斗罗大陆#  3.9  求兔兔 诚信互兔，指路必回肖战优秀艺人肖战出色演员肖战前路坦荡肖战一帆风顺肖战星途璀璨肖战扶摇直上@X玖少年团肖战DAYTOY   [组图共3张] 原图 ,,"http://ww1.sinaimg.cn/large/c07fd0f2ly1godd7g4a0qj20u0190dp2.jpg,http://ww2.sinaimg.cn/large/c07fd0f2ly1godd7geum8j20u0193dks.jpg,http://ww2.sinaimg.cn/large/c07fd0f2ly1godd7glo5lj20u0193tds.jpg",无,True,无,无,2021-03-09 08:49,肖战最好的你超话,1,0,27
K5lSTBH5T,"转发理由:  
原始用户: 七弦琴·肖战
转发内容: #肖战[超话]#wbzy——  [组图共12张] 原图 ",,无,"http://ww2.sinaimg.cn/large/008goLG5gy1gocstv0nd9j32tc480x6r.jpg,http://ww3.sinaimg.cn/large/008goLG5gy1gocstzwi74j32r744se84.jpg,http://ww1.sinaimg.cn/large/008goLG5gy1gocsu32cdsj32tc480qv7.jpg,http://ww4.sinaimg.cn/large/008goLG5gy1gocsu6ash1j32tc480hdv.jpg,http://ww1.sinaimg.cn/large/008goLG5gy1gocsub4b5dj32tc480hdv.jpg,http://ww4.sinaimg.cn/large/008goLG5gy1gocsuf95ulj32p041hu0z.jpg,http://ww3.sinaimg.cn/large/008goLG5gy1gocsuijnwuj32fu3nsu0z.jpg,http://ww4.sinaimg.cn/large/008goLG5gy1gocsum2tzcj32kc3uib2c.jpg,http://ww4.sinaimg.cn/large/008goLG5gy1gocsuqatlfj32oq413kjo.jpg,http://ww4.sinaimg.cn/large/008goLG5gy1gocsuvbue5j32kc3uie84.jpg,http://ww2.sinaimg.cn/large/008goLG5gy1gocsuzimtzj32kc3uie84.jpg,http://ww1.sinaimg.cn/large/008goLG5gy1gocsv3fjdrj32is3s6u0z.jpg",False,无,无,2021-03-09 08:43,iPhone客户端,0,0,0
K5guOdKOy,肖战小飞侠 觉得 肖战照片 好帅！比起肖战路透图，我还是觉得 肖战工作室 发的图更清晰，更适合做 肖战壁纸！肖战主演的电视剧斗罗大陆正在CCTV-8热播，每天22点相约斗罗大陆斗罗大陆特效好看，剧情饱满，适合全家老少一起看肖战平安喜乐 肖战顺顺利利 肖战星途璀璨 肖战扶摇直上  肖战正能量艺人   支持肖战代言 支持肖战作品 期待肖战待播剧余生请多指教             [组图共9张]      原图                             ,,"http://ww2.sinaimg.cn/large/c07fd0f2ly1gocp7owk23j20a00dc0yn.jpg,http://ww1.sinaimg.cn/large/c07fd0f2ly1gocp7p42agj20a00dcmz5.jpg,http://ww2.sinaimg.cn/large/c07fd0f2ly1gocp7pas25j20a00dcdi6.jpg,http://ww1.sinaimg.cn/large/c07fd0f2ly1gocp7poaewj20a00dcthe.jpg,http://ww2.sinaimg.cn/large/c07fd0f2ly1gocp7q17bdj20a00dcteq.jpg,http://ww4.sinaimg.cn/large/c07fd0f2ly1gocp7qcxrpj20a00dcwju.jpg,http://ww4.sinaimg.cn/large/c07fd0f2ly1gocp7qmvi7j20a00dcn1p.jpg,http://ww3.sinaimg.cn/large/c07fd0f2ly1gocp7qxu8bj20a00dcq62.jpg,http://ww2.sinaimg.cn/large/c07fd0f2ly1gocp7om9wkj20a00dcq66.jpg",无,True,无,无,2021-03-08 19:00,iPhone客户端,0,0,0
K5dKqjWU8,肖战陌森眼镜代言人 肖战余生请多指教肖战温文尔雅，肖战君子如竹肖战笑容治愈，肖战真挚坦荡肖战茂林修竹，肖战风流倜傥肖战颜值逆天，肖战气质无双肖战平安喜乐，肖战顺利健康肖战气质如松，肖战星途璀璨肖战嗨嗨皮皮，肖战快快乐乐肖战健健康康，肖战顺顺利利肖战公益先行，肖战未来可期             [组图共9张]      原图                             ,,"http://ww4.sinaimg.cn/large/c07fd0f2ly1gocczygb0pj20a00a00y7.jpg,http://ww4.sinaimg.cn/large/c07fd0f2ly1gocczyny4oj20a00a0dla.jpg,http://ww3.sinaimg.cn/large/c07fd0f2ly1gocczyvm6yj20a00a00y7.jpg,http://ww2.sinaimg.cn/large/c07fd0f2ly1gocczz26esj20a00a0gsm.jpg,http://ww3.sinaimg.cn/large/c07fd0f2ly1gocczzfs93j20a00a0jx4.jpg,http://ww1.sinaimg.cn/large/c07fd0f2ly1gocczzmfhgj20a00a0qa3.jpg,http://ww1.sinaimg.cn/large/c07fd0f2ly1gocd000ijej20a00a07c6.jpg,http://ww4.sinaimg.cn/large/c07fd0f2ly1gocczy9y0vj20a00a0467.jpg,http://ww4.sinaimg.cn/large/c07fd0f2ly1gocd008t7lj20a00a045n.jpg",无,True,无,无,2021-03-08 12:00,iPhone客户端,0,0,3
K5cnW9RTm,#肖战最好的你[超话]##肖战陌森眼镜品牌代言人# xz #肖战斗罗大陆# 3.8互夸，指路必回肖战清爽干净！肖战真诚随性！肖战温暖平和！肖战呆萌可爱！肖战温文尔雅！肖战玉树临风！肖战君子如竹！肖战丰神俊朗！肖战正能量艺人！肖战踏实认真！肖战积极上进！肖战乐观敬业！肖战礼貌谦逊！肖战有礼有节！肖战演技灵动自然！肖战平安喜乐，肖战顺顺利利。 @X玖少年团肖战DAYTOY             [组图共9张]      原图                             ,,"http://ww2.sinaimg.cn/large/c07fd0f2ly1goc723fw7wj20fl0m8jsf.jpg,http://ww2.sinaimg.cn/large/c07fd0f2ly1goc723oknlj20qo0y2acv.jpg,http://ww4.sinaimg.cn/large/c07fd0f2ly1goc723xe8wj20u019078x.jpg,http://ww2.sinaimg.cn/large/c07fd0f2ly1goc7237ijuj20u0190act.jpg,http://ww3.sinaimg.cn/large/c07fd0f2ly1goc7246cptj21900u0ad0.jpg,http://ww4.sinaimg.cn/large/c07fd0f2ly1goc724dr8cj20u019076o.jpg,http://ww2.sinaimg.cn/large/c07fd0f2ly1goc724mcb9j20u0190q5v.jpg,http://ww1.sinaimg.cn/large/c07fd0f2ly1goc724ypacj20u0190tfk.jpg,http://ww3.sinaimg.cn/large/c07fd0f2ly1goc7258dm1j20u0190jy4.jpg",无,True,无,无,2021-03-08 08:32,肖战最好的你超话,1,0,29
K58fm6CUa,惊鸿一瞥 明月清风仙姿无双✨一眼万年 你是星河人间理想✨肖战神仙颜值赏心 肖战干净气质悦目✨肖战温柔暖心 肖战微笑无敌✨肖战无比优秀 肖战无比阳光✨肖战温文尔雅 肖战君子如竹✨肖战茂林修竹 肖战玉树临风✨全世界最好的肖战 值得被善待 ✨  [组图共9张] 原图 ,,"http://ww1.sinaimg.cn/large/c07fd0f2ly1goborakimlj20a00dcwnt.jpg,http://ww3.sinaimg.cn/large/c07fd0f2ly1goboraqpo1j20a00dcqcr.jpg,http://ww4.sinaimg.cn/large/c07fd0f2ly1goboravvzej20a00dck0x.jpg,http://ww4.sinaimg.cn/large/c07fd0f2ly1goborb1znmj20a00dcq88.jpg,http://ww4.sinaimg.cn/large/c07fd0f2ly1goborbav0aj20a00dctd3.jpg,http://ww4.sinaimg.cn/large/c07fd0f2ly1goborbhdhlj20a00dc0zd.jpg,http://ww4.sinaimg.cn/large/c07fd0f2ly1goborade9vj20a00dc7a7.jpg,http://ww3.sinaimg.cn/large/c07fd0f2ly1goborbqmzbj20a00dcag9.jpg,http://ww1.sinaimg.cn/large/c07fd0f2ly1goborcp3c8j20a00dck02.jpg",无,True,无,无,2021-03-07 22:00,iPhone客户端,0,0,0
K54259Id0,#肖战最好的你[超话]##肖战陌森眼镜品牌代言人# xz#肖战斗罗大陆# 本 肖战小飞侠 觉得 肖战美图 做肖战壁纸 真的好帅好好看！但是比起肖战王牌部队路透图，我还是觉得 肖战工作室 和 肖战小飞侠 发的图更清晰，更帅气喜欢晚上放学吃着 肖战代言 的 开小灶 然后来一瓶 真果粒 晚上出去和懒惰 大决战 锻炼身体 就着肖战代言的百威期待 肖战待播剧余生请多指教 里面的 肖战顾魏肖战平安喜乐 肖战顺顺利利 肖战健健康康 肖战小飞侠支持肖战影视综艺代言 我肖战  @X玖少年团肖战DAYTOY             [组图共3张]      原图                             ,,"http://ww3.sinaimg.cn/large/c07fd0f2ly1gob6576wa1j20u0190jy4.jpg,http://ww3.sinaimg.cn/large/c07fd0f2ly1gob657i84qj20u0190act.jpg,http://ww4.sinaimg.cn/large/c07fd0f2ly1gob656mgdyj235s35su0y.jpg",无,True,无,无,2021-03-07 11:16,肖战最好的你超话,2,1,39
K4ZdgsmdA,我肖战 肖战长在我的审美上肖战演技好 肖战唱歌好听  肖战作品好看  期待肖战余生请多指教  期待肖战顾魏    肖战粉丝支持肖战代言  支持肖战影视综艺 肖战平平安安 顺顺利利 健健康康  肖战斗罗大陆  肖战唐三肖战狼殿下 肖战疾冲肖战魏无羡 羡羡陈情令  [组图共9张] 原图 ,,"http://ww1.sinaimg.cn/large/c07fd0f2ly1goakvg7ne7j20a00dc424.jpg,http://ww2.sinaimg.cn/large/c07fd0f2ly1goakvgkzt7j20a00dcn5u.jpg,http://ww3.sinaimg.cn/large/c07fd0f2ly1goakvgr0vxj20a00dc10b.jpg,http://ww3.sinaimg.cn/large/c07fd0f2ly1goakvgwi1aj20a00dc0yu.jpg,http://ww2.sinaimg.cn/large/c07fd0f2ly1goakvh3apbj20a00dc11a.jpg,http://ww1.sinaimg.cn/large/c07fd0f2ly1goakvhazjaj20a00dctdl.jpg,http://ww4.sinaimg.cn/large/c07fd0f2ly1goakvhgqq9j20a00dc7a0.jpg,http://ww2.sinaimg.cn/large/c07fd0f2ly1goakvhpe0qj20a00dcn4x.jpg,http://ww3.sinaimg.cn/large/c07fd0f2ly1goakvizardj20a00dcaf1.jpg",无,True,无,无,2021-03-06 23:00,iPhone客户端,0,0,0
K4Z95ffcy,#肖战最好的你[超话]##肖战加盟冬梦之约# xz#肖战陌森眼镜品牌代言人# 我喜欢肖战 肖战好帅肖战演技好 肖战唱歌好听  肖战作品好看  期待肖战余生请多指教  期待肖战顾魏    肖战粉丝支持肖战代言  支持肖战影视综艺 肖战平平安安 顺顺利利 健健康康  肖战斗罗大陆  肖战唐三肖战狼殿下 肖战疾冲@X玖少年团肖战DAYTOY              [组图共4张]      原图                             ,,"http://ww4.sinaimg.cn/large/c07fd0f2ly1goakmee83aj235s35su0y.jpg,http://ww4.sinaimg.cn/large/c07fd0f2ly1goakmew458j20u01hcgvb.jpg,http://ww4.sinaimg.cn/large/c07fd0f2ly1goakmfnd7pj21gi26rhdu.jpg,http://ww3.sinaimg.cn/large/c07fd0f2ly1goakmg7tv8j20qo18zdkb.jpg",无,True,无,无,2021-03-06 22:49,肖战最好的你超话,2,0,31
K4Y2vbRGm,肖战冰球运动推广大使肖战茂林修竹，肖战风流倜傥肖战温文尔雅，肖战君子如竹肖战笑容治愈，肖战真挚坦荡肖战平安喜乐，肖战顺利健康肖战帅气逼人，肖战星途璀璨肖战健健康康，肖战顺顺利利肖战公益先行，肖战未来可期@X玖少年团肖战DAYTOY               [组图共9张]      原图                             ,,"http://ww3.sinaimg.cn/large/c07fd0f2ly1goafql1m3bj20a00a0t90.jpg,http://ww3.sinaimg.cn/large/c07fd0f2ly1goafqle0lij20a00a0t9t.jpg,http://ww2.sinaimg.cn/large/c07fd0f2ly1goafqlm0n4j20a00a03yb.jpg,http://ww3.sinaimg.cn/large/c07fd0f2ly1goafqm2vyij20a00a0tax.jpg,http://ww1.sinaimg.cn/large/c07fd0f2ly1goafqmj7lvj20a00a078q.jpg,http://ww2.sinaimg.cn/large/c07fd0f2ly1goafqmu8x0j20a00a074n.jpg,http://ww3.sinaimg.cn/large/c07fd0f2ly1goafqkv2xqj20a00a074t.jpg,http://ww3.sinaimg.cn/large/c07fd0f2ly1goafqn1nc5j20a00a0znu.jpg,http://ww4.sinaimg.cn/large/c07fd0f2ly1goafqnb16cj20a00a0a9z.jpg",无,True,无,无,2021-03-06 20:00,iPhone客户端,0,0,1
K4XDP6dPE,肖战余生请多指教 肖战斗罗大陆💫肖战丰神俊朗！肖战茂林修竹！肖战清爽干净！肖战真诚随性！肖战温柔平和！肖战酷帅无比！肖战君子如竹！肖战踏实认真！肖战积极上进！肖战乐观敬业！肖战礼貌谦逊！肖战有礼有节！肖战演技灵动自然！肖战行胜于言！@X玖少年团肖战DAYTOY  [组图共9张] 原图 ,,"http://ww2.sinaimg.cn/large/c07fd0f2ly1goadz8mybhj20a00dcdpd.jpg,http://ww3.sinaimg.cn/large/c07fd0f2ly1goadz8ee43j20a00dcdpj.jpg,http://ww4.sinaimg.cn/large/c07fd0f2ly1goadz8ymldj20a00dcqde.jpg,http://ww3.sinaimg.cn/large/c07fd0f2ly1goadz9czjyj20a00dcn6z.jpg,http://ww1.sinaimg.cn/large/c07fd0f2ly1goadz9m5gkj20a00dcn6w.jpg,http://ww2.sinaimg.cn/large/c07fd0f2ly1goadz9vvgrj20a00dcn7f.jpg,http://ww2.sinaimg.cn/large/c07fd0f2ly1goadza6g1jj20a00dcqa2.jpg,http://ww2.sinaimg.cn/large/c07fd0f2ly1goadzah1kuj20a00dcq87.jpg,http://ww4.sinaimg.cn/large/c07fd0f2ly1goadzaqaojj20a00dcgsu.jpg",无,True,无,无,2021-03-06 19:00,iPhone客户端,0,0,0
K4VhJ4jXJ,肖战冰球运动推广大使肖战茂林修竹，肖战风流倜傥肖战温文尔雅，肖战君子如竹肖战笑容治愈，肖战真挚坦荡肖战平安喜乐，肖战顺利健康肖战帅气逼人，肖战星途璀璨肖战健健康康，肖战顺顺利利肖战公益先行，肖战未来可期@X玖少年团肖战DAYTOY               [组图共9张]      原图                             ,,"http://ww4.sinaimg.cn/large/c07fd0f2ly1goa3kwhyi6j20dc0a0tb3.jpg,http://ww2.sinaimg.cn/large/c07fd0f2ly1goa3kwoudqj20dc0a0jte.jpg,http://ww2.sinaimg.cn/large/c07fd0f2ly1goa3kwwa77j20dc0a0abv.jpg,http://ww2.sinaimg.cn/large/c07fd0f2ly1goa3kx4zp2j20dc0a0gr1.jpg,http://ww2.sinaimg.cn/large/c07fd0f2ly1goa3kwb5fuj20dc0a0dmi.jpg,http://ww1.sinaimg.cn/large/c07fd0f2ly1goa3kxgdslj20dc0a0wki.jpg,http://ww4.sinaimg.cn/large/c07fd0f2ly1goa3kxpd7pj20dc0a0do7.jpg,http://ww3.sinaimg.cn/large/c07fd0f2ly1goa3kxx6r4j20dc0a07bs.jpg,http://ww1.sinaimg.cn/large/c07fd0f2ly1goa3kya09dj20dc0a0n4c.jpg",无,True,无,无,2021-03-06 13:00,iPhone客户端,0,0,0
K4TGwo96L,#肖战最好的你[超话]##肖战加盟冬梦之约# 肖战加盟冬梦之约#肖战冰球运动推广大使# 肖战冰球运动推广大使肖战茂林修竹，肖战风流倜傥，肖战温文尔雅，肖战君子如竹，肖战笑容治愈，肖战真挚坦荡，肖战平安喜乐，肖战顺利健康，肖战帅气逼人，肖战星途璀璨，肖战健健康康，肖战顺顺利利，肖战公益先行，肖战未来可期！@X玖少年团肖战DAYTOY               [组图共9张]      原图                             ,,"http://ww3.sinaimg.cn/large/c07fd0f2ly1go9wh6jd91j20u0190q5v.jpg,http://ww3.sinaimg.cn/large/c07fd0f2ly1go9wh6wn4sj20u019076o.jpg,http://ww3.sinaimg.cn/large/c07fd0f2ly1go9wi3u25cj20u019078x.jpg,http://ww4.sinaimg.cn/large/c07fd0f2ly1go9wh7bmy1j20u0190jy4.jpg,http://ww4.sinaimg.cn/large/c07fd0f2ly1go9wh7w5twj20u0190tfk.jpg,http://ww3.sinaimg.cn/large/c07fd0f2ly1go9whgkyikg20qo0hr4qs.gif,http://ww1.sinaimg.cn/large/c07fd0f2ly1go9wh65tx1g20qo0k0nph.gif,http://ww2.sinaimg.cn/large/c07fd0f2ly1go9whd9bnyj23a426rkjp.jpg,http://ww2.sinaimg.cn/large/c07fd0f2ly1go9whe2lmjj20u0190tgg.jpg",无,True,无,无,2021-03-06 08:55,肖战最好的你超话,1,1,32
K4MiImGXj,#肖战最好的你[超话]##肖战陌森眼镜品牌代言人#  肖战陌森眼镜品牌代言人 #肖战斗罗大陆#  肖战斗罗大陆，陌森眼镜品牌代言人肖战是这个世界上最帅最帅的男人！肖战是根正苗红好青年！肖战正能量艺人！肖战三观正！肖战五官精致！肖战积极向上！肖战茂林修竹！肖战温文尔雅！肖战帅气无敌！肖战谦虚有礼！肖战清醒自律！肖战演技好！肖战唱歌棒！肖战颜值高！我最爱肖战@X玖少年团肖战DAYTOY[心]#支持肖战代言#             [组图共4张]      原图                             ,,"http://ww2.sinaimg.cn/large/c07fd0f2ly1go8zwyj05tj20qo0y2acv.jpg,http://ww1.sinaimg.cn/large/c07fd0f2ly1go8zwyogkcj20fl0m8jsf.jpg,http://ww4.sinaimg.cn/large/c07fd0f2ly1go8zwyvdshj20qo0y2acv.jpg,http://ww1.sinaimg.cn/large/c07fd0f2ly1go8zwyzjflj20fp0fx0ts.jpg",无,True,无,无,2021-03-05 14:07,肖战最好的你超话,1,0,38
K4MfxdQnu,肖战温文尔雅！肖战茂林修竹！肖战清爽干净！肖战真诚随性！肖战温暖平和！肖战丰神俊朗！肖战帅出天际！肖战酷帅无比！肖战正能量艺人！肖战踏实认真！肖战积极上进！肖战乐观敬业！肖战礼貌谦逊！@X玖少年团肖战DAYTOY 肖战我喜欢你 肖战加盟冬梦之约  肖战冰球运动推广大使   [组图共9张] 原图 ,,"http://ww3.sinaimg.cn/large/c07fd0f2ly1go8znxjfpuj206y06btai.jpg,http://ww3.sinaimg.cn/large/c07fd0f2ly1go8znxmuoej206y06bju4.jpg,http://ww1.sinaimg.cn/large/c07fd0f2ly1go8znxe2ttj206y06bgnx.jpg,http://ww1.sinaimg.cn/large/c07fd0f2ly1go8znxqynkj206y06bdid.jpg,http://ww3.sinaimg.cn/large/c07fd0f2ly1go8znxwt9cj206y06bq66.jpg,http://ww2.sinaimg.cn/large/c07fd0f2ly1go8zny1pppj206y06bgoe.jpg,http://ww3.sinaimg.cn/large/c07fd0f2ly1go8zny61nhj206y06bdi8.jpg,http://ww4.sinaimg.cn/large/c07fd0f2ly1go8znyd1yoj206y06b416.jpg,http://ww4.sinaimg.cn/large/c07fd0f2ly1go8znyjrz0j206y06bdi4.jpg",无,True,无,无,2021-03-05 14:00,iPhone客户端,0,0,0
K4KXwxMBL,"转发理由:好帅，好帅，好帅。  
原始用户: X玖少年团肖战DAYTOY
转发内容: 不忘初心，直面自我，塑造更多可能。2021，与我和@MOLSION陌森眼镜 一起#直面每一面#。 肖战工作室的微博视频  ",,无,无,False,无,无,2021-03-05 10:42,iPhone客户端,0,0,0
K4KWRp0XT,"转发理由:真的是，又帅又酷声音又好听，嘤嘤嘤嘤嘤  
原始用户: X玖少年团肖战DAYTOY
转发内容: 不忘初心，直面自我，塑造更多可能。2021，与我和@MOLSION陌森眼镜 一起#直面每一面#。 肖战工作室的微博视频  ",,无,无,False,无,无,2021-03-05 10:41,iPhone客户端,0,0,0
K4C2oDBs7,肖战你好，我是小飞侠，我觉得肖战好帅！肖战工作室 发的图好清晰，好适合做 肖战壁纸！一边喝着真果粒一边吃着开小灶一边看着肖战斗罗大陆一边期待余生请多指教呀！        @X玖少年团肖战DAYTOY肖战平安喜乐 肖战健健康康 肖战顺顺利利 我肖战  [组图共9张] 原图 ,,"http://ww3.sinaimg.cn/large/c07fd0f2ly1go7qinvb91j205y05ugmf.jpg,http://ww3.sinaimg.cn/large/c07fd0f2ly1go7qio05x3j205y05umy2.jpg,http://ww2.sinaimg.cn/large/c07fd0f2ly1go7qio3owcj205y05ut97.jpg,http://ww1.sinaimg.cn/large/c07fd0f2ly1go7qiob4ndj205y05umxz.jpg,http://ww4.sinaimg.cn/large/c07fd0f2ly1go7qioejlsj205y05ut9m.jpg,http://ww4.sinaimg.cn/large/c07fd0f2ly1go7qioixpbj205y05uq35.jpg,http://ww3.sinaimg.cn/large/c07fd0f2ly1go7qion57hj205y05ugm9.jpg,http://ww4.sinaimg.cn/large/c07fd0f2ly1go7qinpkw5j205y05ujs1.jpg,http://ww4.sinaimg.cn/large/c07fd0f2ly1go7qiorisuj205y05uwf3.jpg",无,True,无,无,2021-03-04 12:00,iPhone客户端,0,0,0
K4BDZ86gF,茂林修竹是肖战，温文尔雅是肖战，玉树临风是肖战。不骄不躁戒熬夜，破界跨界闯世界。保持炽热，坚持下去，或许前路未必光明坦荡，但也一定充满无限可能。 @X玖少年团肖战DAYTOY  [组图共9张] 原图 ,,"http://ww3.sinaimg.cn/large/c07fd0f2ly1go7oj1b60hj20a00dcdnt.jpg,http://ww3.sinaimg.cn/large/c07fd0f2ly1go7oj1il9aj20a00dcgt8.jpg,http://ww3.sinaimg.cn/large/c07fd0f2ly1go7oj1rboij20a00dcdmp.jpg,http://ww3.sinaimg.cn/large/c07fd0f2ly1go7oj2bwzjj20a00dctg5.jpg,http://ww4.sinaimg.cn/large/c07fd0f2ly1go7oj12k40j20a00dcn2h.jpg,http://ww4.sinaimg.cn/large/c07fd0f2ly1go7oj2kbq6j20a00dcwjs.jpg,http://ww3.sinaimg.cn/large/c07fd0f2ly1go7oj2rjnxj20a00dc7bp.jpg,http://ww4.sinaimg.cn/large/c07fd0f2ly1go7oj2xrj5j20a00dctew.jpg,http://ww3.sinaimg.cn/large/c07fd0f2ly1go7oj38zr1j20a00dcjxs.jpg",无,True,无,无,2021-03-04 11:00,iPhone客户端,0,0,0
K42eM4aEp,"转发理由:#肖战微博之夜# 俊美刚毅，玉树临风，器宇轩昂，英气逼人。期待肖战，期待king，期待今晚微博之夜@X玖少年团肖战DAYTOY #肖战[超话]#   
原始用户: 新浪娱乐
转发内容: 【2020#微博之夜#现场】@X玖少年团肖战DAYTOY 一身黑色西装亮相绅士帅气，胸针别致。#肖战胸针#  [组图共5张] 原图 ",,无,"http://ww3.sinaimg.cn/large/001Na93Ily1go3c6zpf5ug60k40aie8202.gif,http://ww1.sinaimg.cn/large/001Na93Ily1go3c6garyag60k40aie8202.gif,http://ww1.sinaimg.cn/large/001Na93Ily1go3c6hx7w9g60k40ai7wl02.gif,http://ww2.sinaimg.cn/large/001Na93Ily1go3c6io1ceg60k40aix6r02.gif,http://ww1.sinaimg.cn/large/001Na93Ily1go3c6he63rg60k40ai1ky02.gif",False,无,无,2021-02-28 16:51,iPhone客户端,0,0,0
K42eeFz1n,"转发理由://@1005号虾虾能量客栈:#肖战微博之夜# @X玖少年团肖战DAYTOY  俊美刚毅，玉树临风，器宇轩昂，英气逼人。期待今晚微博之夜#肖战[超话]#  
原始用户: 新浪娱乐
转发内容: 【2020#微博之夜#现场】@X玖少年团肖战DAYTOY 一身黑色西装亮相绅士帅气，胸针别致。#肖战胸针#  [组图共5张] 原图 ",,无,"http://ww3.sinaimg.cn/large/001Na93Ily1go3c6zpf5ug60k40aie8202.gif,http://ww1.sinaimg.cn/large/001Na93Ily1go3c6garyag60k40aie8202.gif,http://ww1.sinaimg.cn/large/001Na93Ily1go3c6hx7w9g60k40ai7wl02.gif,http://ww2.sinaimg.cn/large/001Na93Ily1go3c6io1ceg60k40aix6r02.gif,http://ww1.sinaimg.cn/large/001Na93Ily1go3c6he63rg60k40ai1ky02.gif",False,无,无,2021-02-28 16:50,iPhone客户端,0,0,0
K421uxZmK,"转发理由:期待微博king肖战//@心碎却着迷:期待微博king肖战闪耀全场！！ 由演员肖战领衔主演的剧版《斗罗大陆》，正在CCTV8和腾讯视频热播中！！上线23天，播放量破30亿！欢迎大家一起追剧呀#肖战微博之夜#  
原始用户: 微博之夜
转发内容: 2020#微博之夜#盛典直播正式开始！打破全领域壁垒，集结各行业大咖及各领域顶尖人物。有口皆碑的演员在这里同台集结，实力开挂的音乐人也将在现场带来神仙舞台。↓速戳看直播，见证荣耀时刻！ 微博之夜的微博直播  ",,无,无,False,无,无,2021-02-28 16:19,iPhone客户端,0,0,0
K41SE4RQP,"转发理由://@一菜二白:期待全能肖战@X玖少年团肖战DAYTOY 蝉联微博King闪耀全场，前路漫漫，无畏无惧，微博之夜，不见不散！#肖战微博之夜#  
原始用户: 微博之夜
转发内容: 2020#微博之夜#盛典直播正式开始！打破全领域壁垒，集结各行业大咖及各领域顶尖人物。有口皆碑的演员在这里同台集结，实力开挂的音乐人也将在现场带来神仙舞台。↓速戳看直播，见证荣耀时刻！ 微博之夜的微博直播  ",,无,无,False,无,无,2021-02-28 15:57,iPhone客户端,0,0,0
K41SkfO1w,"转发理由://@呆桃燚:#肖战微博之夜# 抱木生于毫末，信念成就梦想。笃行从心，奔赴热爱。期待肖战 @X玖少年团肖战DAYTOY ！  
原始用户: 新浪娱乐
转发内容: 2020#微博之夜#正直播！angelababy、蔡徐坤、邓超、迪丽热巴、关晓彤、韩红、黄晓明、黄子韬、李冰冰、李现、李宇春、刘嘉玲、鹿晗、倪妮、沈腾、宋茜、孙俪、唐嫣、佟丽娅、王俊凯、王源、王一博、吴亦凡、肖战、杨紫、姚晨、张杰、张艺兴、张雨绮、赵丽颖、周冬雨等将亮相盛典。(按姓氏首字母排序)微博之夜的微博直播                     ",,无,无,False,无,无,2021-02-28 15:56,iPhone客户端,0,0,0
K41ScfZzx,"转发理由://@李美美诶:肖战！King ！我们一起见证荣耀时刻，带着收获与热爱，奔赴下一个山海，期待@X玖少年团肖战DAYTOY   的更多角色闪耀荧幕！  
原始用户: 新浪娱乐
转发内容: 2020#微博之夜#正直播！angelababy、蔡徐坤、邓超、迪丽热巴、关晓彤、韩红、黄晓明、黄子韬、李冰冰、李现、李宇春、刘嘉玲、鹿晗、倪妮、沈腾、宋茜、孙俪、唐嫣、佟丽娅、王俊凯、王源、王一博、吴亦凡、肖战、杨紫、姚晨、张杰、张艺兴、张雨绮、赵丽颖、周冬雨等将亮相盛典。(按姓氏首字母排序)微博之夜的微博直播                     ",,无,无,False,无,无,2021-02-28 15:56,iPhone客户端,0,0,0
K41S9FNhK,"转发理由://@一菜二白:期待全能肖战@X玖少年团肖战DAYTOY 蝉联微博King闪耀全场，前路漫漫，无畏无惧，微博之夜，不见不散！#肖战微博之夜#  
原始用户: 新浪娱乐
转发内容: 2020#微博之夜#正直播！angelababy、蔡徐坤、邓超、迪丽热巴、关晓彤、韩红、黄晓明、黄子韬、李冰冰、李现、李宇春、刘嘉玲、鹿晗、倪妮、沈腾、宋茜、孙俪、唐嫣、佟丽娅、王俊凯、王源、王一博、吴亦凡、肖战、杨紫、姚晨、张杰、张艺兴、张雨绮、赵丽颖、周冬雨等将亮相盛典。(按姓氏首字母排序)微博之夜的微博直播                     ",,无,无,False,无,无,2021-02-28 15:56,iPhone客户端,0,0,0
K41S6lmKR,"转发理由://@手捧星光送你:捧起过往的荣光加冕当下，奉献此刻的自我创造未来。永远在前进的路上，风雨兼程亦不动摇。让我们齐聚微博之夜，期待肖战!@X玖少年团肖战DAYTOY  
原始用户: 新浪娱乐
转发内容: 2020#微博之夜#正直播！angelababy、蔡徐坤、邓超、迪丽热巴、关晓彤、韩红、黄晓明、黄子韬、李冰冰、李现、李宇春、刘嘉玲、鹿晗、倪妮、沈腾、宋茜、孙俪、唐嫣、佟丽娅、王俊凯、王源、王一博、吴亦凡、肖战、杨紫、姚晨、张杰、张艺兴、张雨绮、赵丽颖、周冬雨等将亮相盛典。(按姓氏首字母排序)微博之夜的微博直播                     ",,无,无,False,无,无,2021-02-28 15:56,iPhone客户端,0,0,0
K41QIm53R,"转发理由:期待肖战//@手捧星光送你:捧起过往的荣光加冕当下，奉献此刻的自我创造未来。永远在前进的路上，风雨兼程亦不动摇。让我们齐聚微博之夜，期待肖战!@X玖少年团肖战DAYTOY  
原始用户: 新浪娱乐
转发内容: 2020#微博之夜#正直播！angelababy、蔡徐坤、邓超、迪丽热巴、关晓彤、韩红、黄晓明、黄子韬、李冰冰、李现、李宇春、刘嘉玲、鹿晗、倪妮、沈腾、宋茜、孙俪、唐嫣、佟丽娅、王俊凯、王源、王一博、吴亦凡、肖战、杨紫、姚晨、张杰、张艺兴、张雨绮、赵丽颖、周冬雨等将亮相盛典。(按姓氏首字母排序)微博之夜的微博直播                     ",,无,无,False,无,无,2021-02-28 15:52,iPhone客户端,0,0,0
K41QtCOvK,"转发理由:期待king肖战//@李美美诶:肖战！King ！我们一起见证荣耀时刻，带着收获与热爱，奔赴下一个山海，期待@X玖少年团肖战DAYTOY   的更多角色闪耀荧幕！  
原始用户: 新浪娱乐
转发内容: 2020#微博之夜#正直播！angelababy、蔡徐坤、邓超、迪丽热巴、关晓彤、韩红、黄晓明、黄子韬、李冰冰、李现、李宇春、刘嘉玲、鹿晗、倪妮、沈腾、宋茜、孙俪、唐嫣、佟丽娅、王俊凯、王源、王一博、吴亦凡、肖战、杨紫、姚晨、张杰、张艺兴、张雨绮、赵丽颖、周冬雨等将亮相盛典。(按姓氏首字母排序)微博之夜的微博直播                     ",,无,无,False,无,无,2021-02-28 15:52,iPhone客户端,0,0,0
K41PY21gn,"转发理由:期待king肖战//@一菜二白:期待全能肖战@X玖少年团肖战DAYTOY 蝉联微博King闪耀全场，前路漫漫，无畏无惧，微博之夜，不见不散！#肖战微博之夜#  
原始用户: 微博之夜
转发内容: 2020#微博之夜#盛典直播正式开始！打破全领域壁垒，集结各行业大咖及各领域顶尖人物。有口皆碑的演员在这里同台集结，实力开挂的音乐人也将在现场带来神仙舞台。↓速戳看直播，见证荣耀时刻！ 微博之夜的微博直播  ",,无,无,False,无,无,2021-02-28 15:50,iPhone客户端,0,0,0
K41Pq36tR,"转发理由:期待king肖战//@手捧星光送你:捧起过往的荣光加冕当下，奉献此刻的自我创造未来。永远在前进的路上，风雨兼程亦不动摇。让我们齐聚微博之夜，期待肖战!@X玖少年团肖战DAYTOY  
原始用户: 新浪娱乐
转发内容: 2020#微博之夜#正直播！angelababy、蔡徐坤、邓超、迪丽热巴、关晓彤、韩红、黄晓明、黄子韬、李冰冰、李现、李宇春、刘嘉玲、鹿晗、倪妮、沈腾、宋茜、孙俪、唐嫣、佟丽娅、王俊凯、王源、王一博、吴亦凡、肖战、杨紫、姚晨、张杰、张艺兴、张雨绮、赵丽颖、周冬雨等将亮相盛典。(按姓氏首字母排序)微博之夜的微博直播                     ",,无,无,False,无,无,2021-02-28 15:49,iPhone客户端,0,0,0
K41NLsytG,"转发理由:期待微博king 肖战！//@心碎却着迷:期待微博king肖战闪耀全场！！ 由演员肖战领衔主演的剧版《斗罗大陆》，正在CCTV8和腾讯视频热播中！！上线23天，播放量破30亿！欢迎大家一起追剧呀#肖战微博之夜#  
原始用户: 微博之夜
转发内容: 2020#微博之夜#盛典直播正式开始！打破全领域壁垒，集结各行业大咖及各领域顶尖人物。有口皆碑的演员在这里同台集结，实力开挂的音乐人也将在现场带来神仙舞台。↓速戳看直播，见证荣耀时刻！ 微博之夜的微博直播  ",,无,无,False,无,无,2021-02-28 15:45,iPhone客户端,0,0,0
K41MGEvDx,"转发理由: #肖战微博之夜# 期待微博king，歌手、演员 肖战！@X玖少年团肖战DAYTOY//@李美美诶:与青年演员肖战一起珍藏美好回忆，展望未来！期待微博之夜！肖战！King ！我们一起见证荣耀时刻，带着收获与热爱，奔赴下一个山海，期待@X玖少年团肖战DAYTOY   的更多角色闪耀荧幕！  
原始用户: 微博之夜
转发内容: 2020#微博之夜#盛典直播正式开始！打破全领域壁垒，集结各行业大咖及各领域顶尖人物。有口皆碑的演员在这里同台集结，实力开挂的音乐人也将在现场带来神仙舞台。↓速戳看直播，见证荣耀时刻！ 微博之夜的微博直播  ",,无,无,False,无,无,2021-02-28 15:42,iPhone客户端,0,0,0
K41J0xmAC,"转发理由:#肖战微博之夜# 期待king肖战闪耀登场//@itsashou_:期待全能肖战@X玖少年团肖战DAYTOY 蝉联微博king2月28日闪耀全场#肖战微博之夜#  
原始用户: 微博之夜
转发内容: 2020#微博之夜#盛典直播正式开始！打破全领域壁垒，集结各行业大咖及各领域顶尖人物。有口皆碑的演员在这里同台集结，实力开挂的音乐人也将在现场带来神仙舞台。↓速戳看直播，见证荣耀时刻！ 微博之夜的微博直播  ",,无,无,False,无,无,2021-02-28 15:33,iPhone客户端,0,0,0
K41FYpg6V,"转发理由:#肖战微博之夜# 期待king肖战//@呆桃燚:#肖战微博之夜# 抱木生于毫末，信念成就梦想。笃行从心，奔赴热爱。期待肖战 @X玖少年团肖战DAYTOY ！  
原始用户: 新浪娱乐
转发内容: 2020#微博之夜#正直播！angelababy、蔡徐坤、邓超、迪丽热巴、关晓彤、韩红、黄晓明、黄子韬、李冰冰、李现、李宇春、刘嘉玲、鹿晗、倪妮、沈腾、宋茜、孙俪、唐嫣、佟丽娅、王俊凯、王源、王一博、吴亦凡、肖战、杨紫、姚晨、张杰、张艺兴、张雨绮、赵丽颖、周冬雨等将亮相盛典。(按姓氏首字母排序)微博之夜的微博直播                     ",,无,无,False,无,无,2021-02-28 15:26,iPhone客户端,0,0,0
K41Ci0vnz,"转发理由:期待肖战//@呆桃燚:期待微博king，歌手、演员肖战！ 由演员肖战领衔主演的剧版《斗罗大陆》，上线17天，播放量破20亿。单日最高播放量达2.11亿。上线23天，播放量破30亿！演员肖战饰演的剧版唐三，颜值高，演技棒！ 欢迎大家一起追剧！ #肖战微博之夜# @X玖少年团肖战DAYTOY  
原始用户: 微博之夜
转发内容: 2020#微博之夜#盛典直播正式开始！打破全领域壁垒，集结各行业大咖及各领域顶尖人物。有口皆碑的演员在这里同台集结，实力开挂的音乐人也将在现场带来神仙舞台。↓速戳看直播，见证荣耀时刻！ 微博之夜的微博直播  ",,无,无,False,无,无,2021-02-28 15:17,iPhone客户端,0,0,0
K3Zd9qXMN,"转发理由:  
原始用户: DAYTOY·净化战队
转发内容: #肖战[超话]##肖战斗罗大陆# xz #肖战唐三# 早安呀，起来打扫啦[打call]微博词条今日目标人数：500浏览15s，每条3次，⭕为重点净化词条     肖战肖战     肖战公益一路有你肖战公益一路有你     肖战正能量艺人肖战正能量艺人⭕支持肖战代言支持肖战代言⭕支持肖战影视综艺支持肖战影视综艺⭕肖战斗罗大陆肖战斗罗大陆⭕肖战唐三肖战唐三⭕肖战余生请多指教肖战余生请多指教     狼殿下肖战http://t.cn/A6ApofkF     肖战疾冲http://t.cn/A6ApoEjj⭕ 腾讯视频代言人肖战http://t.cn/A65deeyu⭕ 肖战蒙牛乳业品牌代言人http://t.cn/A65UIPmw⭕肖战roseonly品牌代言人http://t.cn/A6A8iGiS     百威ME3代言人肖战http://t.cn/A6GGZAn6⭕肖战为你开小灶 http://t.cn/A67Jgh37⭕肖战代言百威魄斯http://t.cn/A6LbwJyt⭕肖战代言真果粒http://t.cn/A6wWo6D6     肖战雅诗兰黛品牌亚太区彩妆及香氛代言人http://t.cn/A67JhSYh🔴 浏览器净化词条教程👉http://t.cn/A6bhirjE@X玖少年团肖战DAYTOY🔴完成净化后【评论打✌卡，并艾特两人】              原图                     ",,无,http://wx3.sinaimg.cn/large/007JLzGtly1go2vrdeh0oj318x0oswkd.jpg,False,无,无,2021-02-28 09:09,iPhone客户端,0,0,0
K3ZcwqFb6,"转发理由:  
转发内容: //t.cn/Rfd3rQV ",,无,无,False,无,无,2021-02-28 09:08,iPhone客户端,0,0,0
K3Px9BhP3,"转发理由:  
原始用户: dt虾钳家族
转发内容: #肖战[超话]##肖战##2021元宵有料# 佳节到，喜迎元宵 ！虾钳携手肖氏兄弟给大家拜个晚年！虾虾何处去，现到DT卫视！来看元宵晚会啦~主演:@X玖少年团肖战DAYTOY 剪辑:dt·@·夜宵· @故醉里_ 台本:dt·@冰大boss 封面:dt·@雾灯明 【禁丨二传二改】 dt虾钳家族的微博视频  ",,无,无,False,无,无,2021-02-27 08:31,iPhone客户端,0,0,0
K3PwRkomB,"转发理由:  
转发内容: //t.cn/Rfd3rQV ",,无,无,False,无,无,2021-02-27 08:30,iPhone客户端,0,0,0
K3Huxvg48,"转发理由:  
原始用户: 肖战吧微博
转发内容: #肖战[超话]##肖战唐三# #肖战斗罗大陆# 萌.开仓放粮.吧 又双叒叕来抽奖啦！【元宵佳节】转发此条微博，并艾特一位好友，送上对@X玖少年团肖战DAYTOY 的元宵祝福，萌吧将在转发中抽取一位虾虾送【Nylon一本】。【团团圆圆】评论此条微博，并晒出汤圆/元宵图请@X玖少年团肖战DAYTOY 吃汤圆，萌吧将在评论区抽一位虾虾送【OK精彩明信片一套】。在此，萌吧也祝愿每位爱#肖战# 的人，元宵喜乐，幸福安康。一起○○⸜( ""´༥`""○ )吃元宵吧，他的虾虾们～ 抽奖详情              原图                     ",,无,http://wx4.sinaimg.cn/large/006g82JLly1go0lvm9rasj30qo0zktfg.jpg,False,无,无,2021-02-26 12:03,iPhone客户端,0,0,0
K3HuffsO0,"转发理由:  
原始用户: 肖战工作室
转发内容: #唐三寻爹不易# 三哥@X玖少年团肖战DAYTOY 的几篇日记随机掉落，寻爹不易，三哥叹气#肖战[超话]#  [组图共4张] 原图 ",,无,"http://ww2.sinaimg.cn/large/007fzS16ly1gnzljcmymsj30w81e0hdt.jpg,http://ww1.sinaimg.cn/large/007fzS16ly1gnzljbgv6kj30w81e0hdt.jpg,http://ww3.sinaimg.cn/large/007fzS16ly1gnzljdle51j30w81e0hdt.jpg,http://ww2.sinaimg.cn/large/007fzS16ly1gnzlje6tbgj30w81e0kjl.jpg",False,无,无,2021-02-26 12:02,iPhone客户端,0,0,0
K3xH00sRI,#肖战[超话]# 哥哥，下雪了，起床堆个雪人送给你@X玖少年团肖战DAYTOY  [组图共2张] 原图 ,,"http://ww1.sinaimg.cn/large/c07fd0f2ly1gnzlpav2adj20q91ao79f.jpg,http://ww4.sinaimg.cn/large/c07fd0f2ly1gnzlpc2unfj20my14u0w5.jpg",无,True,无,无,2021-02-25 11:06,肖战超话,4,0,0
K3xcpbg2o,"转发理由:  
原始用户: 猴子的逗比111
转发内容: #肖战[超话]##我画的就是肖战# xz#斗罗大陆水墨海报# 找妈妈的故事@X玖少年团肖战DAYTOY  原图 ",,无,http://wx2.sinaimg.cn/large/005PUXcZly1gnyrrticfnj31tm1tmkba.jpg,False,无,无,2021-02-25 09:50,iPhone客户端,0,0,0
K3xcgAV7P,"转发理由:  
原始用户: 肖战工作室
转发内容: 斗罗【三】事#唐三carry全场#控制系魂师就是要悄悄努力，然后惊艳所有人，此刻看三哥@X玖少年团肖战DAYTOY carry全场#肖战[超话]#  原图 ",,无,http://wx1.sinaimg.cn/large/007fzS16ly1gnyngxyzg6g30b41v4e8k.gif,False,无,无,2021-02-25 09:50,iPhone客户端,0,0,0
K3nyL7SFL,"转发理由:  
转发内容: //t.cn/Rfd3rQV ",,无,无,False,无,无,2021-02-24 09:18,iPhone客户端,0,0,0
K3f8dnX8u,"转发理由:  
原始用户: X玖少年团肖战DAYTOY
转发内容: 2020#微博之夜#盛典即将开启，以微博之力，让世界更美。@微博之夜 我来了！  原图 ",,无,http://wx4.sinaimg.cn/large/6ade4348ly1gnxakf5x2jj20p018ghdt.jpg,False,无,无,2021-02-23 11:51,iPhone客户端,0,0,0
K2O2xpSlF,"转发理由:祖国山河无恙，感恩你们的守护。致敬//@X玖少年团肖战DAYTOY:#祖国山河一寸不能丢# 致敬边防军人！致敬英雄！🇨🇳  
原始用户: 央视新闻
转发内容: 【这就是中国人的态度：#祖国山河一寸不能丢#】致敬中国边防军人！转起！  原图 ",,无,http://wx3.sinaimg.cn/large/002TLsr9ly1gnszqvjg1aj60u01hcb2b02.jpg,False,无,无,2021-02-20 14:52,iPhone客户端,0,0,0
K2lW40sXo,"转发理由:  
原始用户: 入戏
转发内容: @X玖少年团肖战DAYTOY 分享《斗罗大陆》里挑战最大的一场戏，“当时太紧张了老想着要演好”，“现在表演的时候还是会紧张，但更多是让自己放松下来”。上腾讯视频搜“入戏”并关注，更多精彩持续放送~#斗罗入戏12天更新企划#肖战揭秘《斗罗大陆》拍摄挑战最大的一场戏  ",,无,无,False,无,无,2021-02-17 15:20,iPhone客户端,0,0,0
K2aaerqtp,"转发理由:  
原始用户: X玖少年团肖战DAYTOY
转发内容: 故乡与异乡，万家灯火总有一盏灯会为你而亮。肖战工作室的微博视频  ",,无,无,False,无,无,2021-02-16 09:22,iPhone客户端,0,0,0
K210CcjDZ,"转发理由:  
原始用户: X玖少年团肖战DAYTOY
转发内容: 一起来将双手舞动！北京卫视剧集地的微博视频  ",,无,无,False,无,无,2021-02-15 10:03,iPhone客户端,0,0,0
K1X2Etbft,#肖战[超话]# 肖战哥哥，情人节快乐@X玖少年团肖战DAYTOY  原图 ,,http://wx3.sinaimg.cn/large/c07fd0f2ly1gnni6bvf6dj20ku0vxwij.jpg,无,True,无,无,2021-02-14 23:57,肖战超话,1,0,0
K1VDLACHv,"转发理由:哇哦哇哦，是无所不能的肖战耶#肖战斗罗大陆# @X玖少年团肖战DAYTOY #肖战[超话]#  
原始用户: 北京卫视剧集地
转发内容: #小北北能有什么坏心思# 今日份的粮在隔壁金主爸爸那儿，各位自己动手丰衣足食吧...不过@X玖少年团肖战DAYTOY 亲手制作的情人节礼物本北这儿还有呐！意不意外，开不开熏转评本条微博，就有机会拿到战战这份爱的礼物还等什么？为爱冲呀！  [组图共4张] 原图 ",,无,"http://ww2.sinaimg.cn/large/5f5a24d9ly1gnmygfqw4oj21hc0u0atu.jpg,http://ww1.sinaimg.cn/large/5f5a24d9ly1gnmygi995hj20ku112n8x.jpg,http://ww4.sinaimg.cn/large/5f5a24d9ly1gnmygmen5xj20u01hdb2b.jpg,http://ww2.sinaimg.cn/large/5f5a24d9ly1gnmygt9d01j20u01hdqv6.jpg",False,无,无,2021-02-14 20:23,iPhone客户端,0,0,0
K1NGpvJOc,#肖战[超话]# 哥哥，情人节快乐@X玖少年团肖战DAYTOY  原图 ,,http://wx3.sinaimg.cn/large/c07fd0f2ly1gnmcveyvsej20u013xwm2.jpg,无,True,无,无,2021-02-14 00:08,肖战超话,0,0,0
K1HtfxEbe,"转发理由:  
原始用户: 星闻揭秘
转发内容: #肖战变唱腔了# 肖战东方+北京春晚全cut（20分钟，含台下全部镜头）四个舞台+ 台上互动 #肖战现场画牛# 说上海话好可爱+台下reaction@X玖少年团肖战DAYTOY #肖战的异乡人听哭了# 星闻揭秘的微博视频  ",,无,无,False,无,无,2021-02-13 08:19,iPhone客户端,0,0,0
K1D4su30t,"转发理由:肖战，真的的太帅了 我可太快乐  
原始用户: X玖少年团肖战DAYTOY
转发内容: 一起来将双手舞动！北京卫视剧集地的微博视频  ",,无,无,False,无,无,2021-02-12 21:07,iPhone客户端,0,0,0
K1xIW90dz,"转发理由:  
原始用户: 肖战工作室
转发内容: 诚（橙）意满满地先来给大家拜个早年啦！@X玖少年团肖战DAYTOY 祝大家牛转乾坤，你牛我牛大伙儿牛，Happy 牛 year！#肖战[超话]#  [组图共6张] 原图 ",,无,"http://ww3.sinaimg.cn/large/007fzS16ly1gnjgj1x9dxj33gg3gg7wm.jpg,http://ww1.sinaimg.cn/large/007fzS16ly1gnjgj6vl7rj33gg3gg7wo.jpg,http://ww2.sinaimg.cn/large/007fzS16ly1gnjgixxpb1j33gg3ggu11.jpg,http://ww3.sinaimg.cn/large/007fzS16ly1gnjgjaex1kj33gg3ggu11.jpg,http://ww1.sinaimg.cn/large/007fzS16ly1gnjgjfmr8pj33gg3ggx6u.jpg,http://ww1.sinaimg.cn/large/007fzS16ly1gnjgjjiw4qj33gg3ggb2e.jpg",False,无,无,2021-02-12 07:30,iPhone客户端,0,0,0
K1xILp6x3,"转发理由:祝哥哥新年快乐  
原始用户: X玖少年团肖战DAYTOY
转发内容: 新年快乐！！！#牛年如意# 福福福牛！！ 绿洲  [组图共2张] 原图 ",,无,"http://ww2.sinaimg.cn/large/6ade4348ly3gnjq9e35ezj20zk0zk4qp.jpg,http://ww4.sinaimg.cn/large/6ade4348ly3gnjq9e5dtwj20zk0zk4j2.jpg",False,无,无,2021-02-12 07:30,iPhone客户端,0,0,0
K1gCarPjm,"转发理由:可可爱爱，没有脑袋  
原始用户: 肖洒的肖夫人
转发内容: 笑死我了 #肖战#  [组图共2张] 原图 ",,无,"http://ww1.sinaimg.cn/large/006UH7BZly1gni8cymgfrj30u00u0adt.jpg,http://ww3.sinaimg.cn/large/006UH7BZly1gni8cyullhj30on0ondgz.jpg",False,无,无,2021-02-10 11:57,iPhone客户端,0,0,0
K1fQuir91,"转发理由:早上好呀  
原始用户: X玖少年团肖战DAYTOY
转发内容: 大年初一有时间吗？有件事说一下。时间地点我都定好了，就等你来了！2月12日（大年初一）晚19:30，锁定CCTV-8、@央视频 APP、@CCTV电视剧，4小时直播不间断，#大剧陪您过大年#！  原图 ",,无,http://wx2.sinaimg.cn/large/6ade4348ly1gnh62nigosj21jh2hj1ky.jpg,False,无,无,2021-02-10 09:59,iPhone客户端,0,0,0
K17rsxCaR,"转发理由:只要是你，永远有时间  
原始用户: X玖少年团肖战DAYTOY
转发内容: 大年初一有时间吗？有件事说一下。时间地点我都定好了，就等你来了！2月12日（大年初一）晚19:30，锁定CCTV-8、@央视频 APP、@CCTV电视剧，4小时直播不间断，#大剧陪您过大年#！  原图 ",,无,http://wx2.sinaimg.cn/large/6ade4348ly1gnh62nigosj21jh2hj1ky.jpg,False,无,无,2021-02-09 12:35,iPhone客户端,0,0,1
K0OsgAQq9,"转发理由:这小发型，真不错  
原始用户: X玖少年团肖战DAYTOY
转发内容: 蓝银皮皮草！ 绿洲  [组图共2张] 原图 ",,无,"http://ww3.sinaimg.cn/large/6ade4348ly3gneu4ihdvcj20zk0zkh70.jpg,http://ww3.sinaimg.cn/large/6ade4348ly3gneu4igldjj20zk0zk4qp.jpg",False,无,无,2021-02-07 12:15,iPhone客户端,0,0,0
K0F8uE0g9,#肖战[超话]# 我也想要三哥梳辫子，讲故事@X玖少年团肖战DAYTOY #电视剧斗罗大陆#  [组图共2张] 原图 ,,"http://ww1.sinaimg.cn/large/c07fd0f2ly1gndpeamx30j23402c0u0x.jpg,http://ww4.sinaimg.cn/large/c07fd0f2ly1gndpe6agt2j23402c0hdt.jpg",无,True,无,无,2021-02-06 12:32,iPhone客户端,1,0,0
K0EnwhYUC,"转发理由:#新年新气象 犇赴好时光# #腾讯视频代言人肖战#  恭喜@X玖少年团肖战DAYTOY  成为腾讯视频代言人！快来一起get同款呀#肖战[超话]#  
原始用户: X玖少年团肖战DAYTOY
转发内容: 休整片刻，蓄势待发！我是@腾讯视频 代言人肖战，#新年新气象 犇赴好时光# 春节在家，求腾讯视频的好内容推荐～让我看看你们都有啥库存  原图 ",,无,http://wx2.sinaimg.cn/large/6ade4348ly1gndllk8vbmj20u01hc7wh.jpg,False,无,无,2021-02-06 10:36,iPhone客户端,0,0,0
K0w8yh0uX,"转发理由:三哥来了，一起来看啊#电视剧斗罗大陆# @X玖少年团肖战DAYTOY  评论配图  
原始用户: X玖少年团肖战DAYTOY
转发内容: #电视剧斗罗大陆开播# 就地取材…准备准备要觉醒了  原图 ",,https://ww3.sinaimg.cn/large/006Zr3ysly1flvutozvfgj30hs0hg765.jpg,http://wx4.sinaimg.cn/large/6ade4348ly1gncklwrxymj23402c0e83.jpg,False,无,无,2021-02-05 13:37,iPhone客户端,0,0,0
K0w6bpnDS,#肖战[超话]# 爷的假期开始了，宅在家里看三哥@X玖少年团肖战DAYTOY #电视剧斗罗大陆#  [组图共4张] 原图 ,,"http://ww4.sinaimg.cn/large/c07fd0f2ly1gnclht3c3mj23402c0e81.jpg,http://ww1.sinaimg.cn/large/c07fd0f2ly1gnclhrgvcsj23402c0e81.jpg,http://ww1.sinaimg.cn/large/c07fd0f2ly1gnclhus8pdj23402c0npd.jpg,http://ww1.sinaimg.cn/large/c07fd0f2ly1gnclhvqtrsj21400u0n0k.jpg",无,True,无,无,2021-02-05 13:31,肖战超话,2,0,0
JFLYskQst,"转发理由:#肖战[超话]# #肖战# @X玖少年团肖战DAYTOY  
原始用户: 娱评情报局
转发内容: 张国荣实力演绎，“当迷妹看到自己爱豆后…  原图 ",,无,http://ww1.sinaimg.cn/large/96a7fbe3jw1f8f8je3cs6g203y069e81.gif,False,无,无,2021-01-31 22:34,iPhone客户端,0,0,0
JFLXKywf5,"转发理由:#肖战[超话]# 感觉他跟我们每一个平凡的普通人一样，在认真生活着，奋斗着。喜欢他的亲切，温柔和坚韧[爱你]。一起期待未来的五年，我们会变成什么样#肖战# @X玖少年团肖战DAYTOY  
原始用户: 拔萝卜虾虾团
转发内容: #肖战# #肖战唐三#  【肖战】谦谦君子德，磬折欲何求。未来的每一个五年我们都和你@X玖少年团肖战DAYTOY 一起不忘初心，勇敢向前人物的微博视频  ",,无,无,False,无,无,2021-01-31 22:33,iPhone客户端,0,0,0
JFg3UAnBB,天了噜！我在肖战超话又双叒叕升级了！当前等级LV.7，获得永宁小妖头衔，小伙伴们速来围观~超话传送门→#肖战[超话]#  ,,无,无,True,无,无,2021-01-28 13:20,超话,0,0,0
JEjOSjJcT,"转发理由:  
原始用户: 肖战影音会官微
转发内容: 分享@X玖少年团肖战DAYTOY 的@绿洲 动态:没想到吧 绿洲没想到，是真没想到！！！早上好呀，有趣的灵魂！  #肖战 我也不知道画了个啥#  [组图共2张] 原图 ",,无,"http://ww1.sinaimg.cn/large/006g88m9ly1gmw3kf6e15j30u00u0dmt.jpg,http://ww4.sinaimg.cn/large/006g88m9ly1gmw3p0tlnaj30u00u20vg.jpg",False,无,无,2021-01-22 09:04,iPhone客户端,0,0,0
JDJfdfWMp,鸳鸯锅口感真不错就是菜太少了，没吃饱@开小灶官方微博  [组图共3张] 原图 ,,"http://ww2.sinaimg.cn/large/c07fd0f2ly1gmrplil7luj20u0140n4w.jpg,http://ww3.sinaimg.cn/large/c07fd0f2ly1gmrplibdqvj20u01407ba.jpg,http://ww3.sinaimg.cn/large/c07fd0f2ly1gmrplj2nbpj20u0140n7l.jpg",无,True,无,无,2021-01-18 11:57,iPhone客户端,1,0,0
JDDhcor3d,"转发理由:我太喜欢他讲话了。烟火气，浪漫，温柔，鲜活……他可以用来形容一切真实与美好@X玖少年团肖战DAYTOY @92年的小精灵  
原始用户: 星闻揭秘
转发内容: #肖战奇妙之城特别篇#完整版：#肖战 耙耳朵是爱老婆的表现##肖战耙耳朵特别可爱#【在外面我可以顶天立地，我可以挡风遮雨，回到家里我对你百般宠爱】肖战：长这么大，没有认真的去感受重庆，跟我一起长大融在我身体了；很多人说的容易，快乐是一天难过也是一天，但真正能做到的又有多少人；谁不难？都在被生活推动前行，自己要调节和适应，被挤贴地铁的玻璃上；小时候居住的环境特别喜欢，没有电脑没有手机，大家全在玩互动游戏，特别有生活气；以家乡为骄傲~#星闻揭秘[超话]# 星闻揭秘的微博视频                     ",,无,无,False,无,无,2021-01-17 20:45,iPhone客户端,0,0,2
JDCvugr9p,"转发理由:@X玖少年团肖战DAYTOY 我永远支持你！我们一起拿下 #明星势力榜# 第一名！//@X玖少年团肖战DAYTOY:平凡中有不凡。1月22日走进#电影武汉日夜#，向抗疫英雄致敬！  
原始用户: 中国电影报道
转发内容: #武汉日夜融媒体首映直播##武汉日夜首映# 以平凡见证不凡，以真实演绎了不起的中国奇迹！这是中国人的坚强和善良，这是属于我们的中国故事！以爱之名，无畏前行，致敬英雄，向阳而生！#电影武汉日夜#1月22日全国上映，@X玖少年团肖战DAYTOY 邀您观影，重温感动、见证温暖，真情告白“有你真好”！  原图 ",,无,http://wx2.sinaimg.cn/large/001nokOGgy1gmplmomtcoj60u01hckjm02.jpg,False,无,无,2021-01-17 18:48,明星势力榜,0,0,0
JDjRvhbsv,"转发理由:帅哦  
原始用户: 肖战工作室
转发内容: 爱无止境，迎光而行。@X玖少年团肖战DAYTOY  一身白色单扣西装内搭牛仔衣出席2021爱奇艺#为爱尖叫#晚会。#肖战[超话]#  [组图共4张] 原图 ",,无,"http://ww1.sinaimg.cn/large/007fzS16ly1gmol51gn45j328r3do1l3.jpg,http://ww4.sinaimg.cn/large/007fzS16ly1gmol52xa1jj328r3do7wm.jpg,http://ww2.sinaimg.cn/large/007fzS16ly1gmol54k6lhj326632i7wl.jpg,http://ww4.sinaimg.cn/large/007fzS16ly1gmol5659nlj3296383b2g.jpg",False,无,无,2021-01-15 19:20,iPhone客户端,0,0,0
JCXD012Nr,"转发理由:霞姐的家庭作业做的相当优秀  
原始用户: 圈内教父
转发内容: #肖战发文谈重庆#肖战微博写的关于重庆的文字被海外粉丝翻译成了泰文 西班牙文 葡萄牙文 阿拉伯文 英文 印尼文等多国语言！让全世界更多人看到重庆，了解中国的奇妙之城，吸引和感受重庆的文化和底蕴！这波文化传播真的好棒#肖战# @X玖少年团肖战DAYTOY  [组图共18张] 原图 ",,无,"http://ww4.sinaimg.cn/large/006rUZZfly1gmlupqnf7cj30r0126nm3.jpg,http://ww3.sinaimg.cn/large/006rUZZfly1gmlupr15onj30r011onis.jpg,http://ww3.sinaimg.cn/large/006rUZZfly1gmluprclqkj30r011i1bk.jpg,http://ww3.sinaimg.cn/large/006rUZZfly1gmluprodzsj30r00qch6r.jpg,http://ww1.sinaimg.cn/large/006rUZZfly1gmlups0ln7j30r00xrb29.jpg,http://ww1.sinaimg.cn/large/006rUZZfly1gmlupswqboj30r00xr7wh.jpg,http://ww4.sinaimg.cn/large/006rUZZfly1gmluptb2xbj30r0126h9f.jpg,http://ww4.sinaimg.cn/large/006rUZZfly1gmlupu22t3j30r0126e0y.jpg,http://ww3.sinaimg.cn/large/006rUZZfly1gmlupuog0kj30r00xr4qp.jpg,http://ww2.sinaimg.cn/large/006rUZZfly1gmlupv7nr2j30so1auwzp.jpg,http://ww3.sinaimg.cn/large/006rUZZfly1gmlupvs6yhj30r00vuqh1.jpg,http://ww4.sinaimg.cn/large/006rUZZfly1gmlupw3pshj30r00yu19c.jpg,http://ww1.sinaimg.cn/large/006rUZZfly1gmlupwmcnhj30r01267wh.jpg,http://ww2.sinaimg.cn/large/006rUZZfly1gmlupx2h07j30r00r04qp.jpg,http://ww4.sinaimg.cn/large/006rUZZfly1gmlupxg0vbj30qr1aukgn.jpg,http://ww3.sinaimg.cn/large/006rUZZfly1gmlupxug7mj30rf1au4n0.jpg,http://ww4.sinaimg.cn/large/006rUZZfly1gmlupy7v63j30s01aue66.jpg,http://ww4.sinaimg.cn/large/006rUZZfly1gmlutt39dij310s1j8alj.jpg",False,无,无,2021-01-13 10:44,iPhone客户端,0,0,0
JCSNQuOpi,今晚将在舔屏中睡去  [组图共4张] 原图 ,,"http://ww4.sinaimg.cn/large/c07fd0f2ly1gmla443oqoj21400u0jwt.jpg,http://ww1.sinaimg.cn/large/c07fd0f2ly1gmla44gnpuj20p11i5433.jpg,http://ww2.sinaimg.cn/large/c07fd0f2ly1gmla44mg36j20u01hb7fu.jpg,http://ww4.sinaimg.cn/large/c07fd0f2ly1gmla43zf7dj20et0njq3x.jpg",无,True,无,无,2021-01-12 22:27,iPhone客户端,0,0,1
JClJGtlf2,"转发理由:转发微博  
原始用户: 1005号虾虾能量客栈
转发内容: #肖战#xz#肖战正能量艺人#《榜样阅读》第四期 ——肖战：做赤诚的追梦少年肖战：接受生活中的挑战，脚踏实地走好脚下的路。偶有荆棘的路途，也要保持最初的赤诚，活出自己最美好的样子。同时，我觉得周国平先生这篇《自己的园地》，在这里也正是为了告诉我们，不要违背自己内心的赤诚，做一个真实的人。 保持一颗赤诚之心，坚强地面对生活中的坎坷，为自己的心中照亮一盏明灯，不会停下学习的脚步，不断地向前进，突破自己。做自己喜欢的事情，不断地充实自己。坚强乐观地去面对，这些经历会让自己变得越来越优秀，成一个更好的人。晚安一起加油叭！@X玖少年团肖战DAYTOY(来源：@ 榜样阅读)榜样阅读的秒拍视频                     ",,无,无,False,无,无,2021-01-09 10:16,iPhone客户端,0,0,0
JC522qagF,"转发理由:转发微博  
原始用户: 蜜汁可乐炸椒
转发内容: 我们肖肖真的会织毛衣和针线活 还有人不知道吗 #肖战#  [组图共4张] 原图 ",,无,"http://ww1.sinaimg.cn/large/007Rk4gMgy1gme8hfxqc6g30u00u0e8a.gif,http://ww1.sinaimg.cn/large/007Rk4gMgy1gme8he6dmbg30hg0eyhe3.gif,http://ww3.sinaimg.cn/large/007Rk4gMgy1gme8hgyet3g30kz0ezu10.gif,http://ww2.sinaimg.cn/large/007Rk4gMgy1gme8hhzo54g30hu0e2qv9.gif",False,无,无,2021-01-07 15:44,iPhone客户端,0,0,0
JBKBelgdj,"转发理由:转发微博  
原始用户: 李木子的追剧日常
转发内容: 肖战从小到大插兜合集如果双手无处安放 可以和小飞侠们手牵手  [组图共9张] 原图 ",,无,"http://ww4.sinaimg.cn/large/0067lZkKly1gmcn25ubtyj30l40g1760.jpg,http://ww4.sinaimg.cn/large/0067lZkKly1gmcn2694ttj30qm0zhte4.jpg,http://ww4.sinaimg.cn/large/0067lZkKly1gmcn5v31c7j31c00u0dkm.jpg,http://ww4.sinaimg.cn/large/0067lZkKly1gmcn28xjd4j30qo0zkdkm.jpg,http://ww3.sinaimg.cn/large/0067lZkKly1gmcn27xqrdj30u00u078y.jpg,http://ww1.sinaimg.cn/large/0067lZkKly1gmcn2898avj30rs11144h.jpg,http://ww3.sinaimg.cn/large/0067lZkKly1gmcn28ljydj30u0140te2.jpg,http://ww1.sinaimg.cn/large/0067lZkKly1gmcn26w8tuj30u013zwmm.jpg,http://ww1.sinaimg.cn/large/0067lZkKly1gmcn25hgiaj30u0140ahu.jpg",False,无,无,2021-01-05 11:43,iPhone客户端,0,0,0
JBFjdowqv,我爱上了一个我得不到的人，为此，我数次从睡梦中哭醒，又哭着睡去@92年的小精灵 快看下图，我喜欢的人，快帮我想想办法吧，怎么嫁给他  [组图共4张] 原图 ,,"http://ww2.sinaimg.cn/large/c07fd0f2ly1gmc0r14x69j20u0190agj.jpg,http://ww1.sinaimg.cn/large/c07fd0f2ly1gmc0r1d07pj20u01900zm.jpg,http://ww4.sinaimg.cn/large/c07fd0f2ly1gmc0r1ka56j20u017pq8u.jpg,http://ww3.sinaimg.cn/large/c07fd0f2ly1gmc0r1ri97j20j80wsad3.jpg",无,True,无,无,2021-01-04 22:15,iPhone客户端,0,0,1
JBrO3fbpn,又是垂涎呆桃盛世美颜的一天  [组图共9张] 原图 ,,"http://ww1.sinaimg.cn/large/c07fd0f2ly1gmad7edfkqj20u017fqa4.jpg,http://ww2.sinaimg.cn/large/c07fd0f2ly1gmad7ersh6j20u0190n69.jpg,http://ww4.sinaimg.cn/large/c07fd0f2ly1gmad7f6ghfj20u0191jz4.jpg,http://ww3.sinaimg.cn/large/c07fd0f2ly1gmad7e3wdxj20u016vtem.jpg,http://ww2.sinaimg.cn/large/c07fd0f2ly1gmad7fgahcj20u0190dle.jpg,http://ww4.sinaimg.cn/large/c07fd0f2ly1gmad7ft237j20u01hcgtu.jpg,http://ww4.sinaimg.cn/large/c07fd0f2ly1gmad7g8b1jj20u01i3dp0.jpg,http://ww4.sinaimg.cn/large/c07fd0f2ly1gmad7gkxvqj20u01907dr.jpg,http://ww2.sinaimg.cn/large/c07fd0f2ly1gmad7gtm8ej20zr0u0ju5.jpg",无,True,无,无,2021-01-03 11:53,iPhone客户端,0,0,0
JyTcY4cF7,要温婉居家，不卑不亢哦～  [组图共4张] 原图 ,,"http://ww4.sinaimg.cn/large/c07fd0f2ly1glqx1e4inzg20k00gbnpg.gif,http://ww3.sinaimg.cn/large/c07fd0f2ly1glqx1d35msj20qo12dgs3.jpg,http://ww2.sinaimg.cn/large/c07fd0f2ly1glqx1eeks4j20qe13ladt.jpg,http://ww2.sinaimg.cn/large/c07fd0f2ly1glqx1emaj1j20qe13lae8.jpg",无,True,无,无,2020-12-17 16:07,iPhone客户端,0,0,0
Jv4pVwZel,吃饱了，再也不来了，煲仔饭吃的我太阳穴突突疼，牙都要硌掉了  [组图共4张] 原图 ,,"http://ww1.sinaimg.cn/large/c07fd0f2ly1gkxvnclujtj20u0140alq.jpg,http://ww2.sinaimg.cn/large/c07fd0f2ly1gkxvnas19vj20u0140n4t.jpg,http://ww3.sinaimg.cn/large/c07fd0f2ly1gkxvnb7uekj20u0140jyp.jpg,http://ww4.sinaimg.cn/large/c07fd0f2ly1gkxvnc8igtj20u0140qc2.jpg",无,True,无,无,2020-11-22 13:18,iPhone客户端,1,0,0
JuOKAtPj4,斥巨资在北医三院开的这款药膏，让我有种每天都在往脸上贴金的感jio。还别说，效果好像真不错👍  原图 ,,http://wx3.sinaimg.cn/large/c07fd0f2ly1gkvyd57uptj22c0340u0x.jpg,无,True,无,无,2020-11-20 21:25,iPhone客户端,0,0,2
Ju2vPiwHC,术后吃火锅🍲  原图 ,,http://wx4.sinaimg.cn/large/c07fd0f2ly1gkq1jc9czzj20u0140ti8.jpg,无,True,无,无,2020-11-15 18:37,iPhone客户端,0,0,0
Jqd28C2Xd,哈喽，花花，好久不见  [组图共4张] 原图 ,,"http://ww1.sinaimg.cn/large/c07fd0f2ly1gjwx4jdha4j22c0340b29.jpg,http://ww1.sinaimg.cn/large/c07fd0f2ly1gjwx4kzmfij22c03404qp.jpg,http://ww4.sinaimg.cn/large/c07fd0f2ly1gjwx4mq0epj23402c04qq.jpg,http://ww2.sinaimg.cn/large/c07fd0f2ly1gjwx4h92lzj22c0340npd.jpg",无,True,无,无,2020-10-21 14:03,iPhone客户端,0,0,0
Jlt6LlsVI,美好的一天就从你开始吧  原图 ,,http://wx2.sinaimg.cn/large/c07fd0f2ly1giwvifihelj22c03407wh.jpg,无,True,无,无,2020-09-20 09:47,iPhone客户端,1,0,0
JljE8qtbS,  [组图共4张] 原图 ,,"http://ww3.sinaimg.cn/large/c07fd0f2ly1givpqre77kj22c0340qv5.jpg,http://ww4.sinaimg.cn/large/c07fd0f2ly1givpqt64q0j22c0340npd.jpg,http://ww1.sinaimg.cn/large/c07fd0f2ly1givpqpmpr6j22c03401kx.jpg,http://ww2.sinaimg.cn/large/c07fd0f2ly1givpquxchhj22c0340kjl.jpg",无,True,无,无,2020-09-19 09:41,iPhone客户端,0,0,0
JkCsdjTx0,火眼金睛  原图 ,,http://wx3.sinaimg.cn/large/c07fd0f2ly1giqf24mmpjj20u0140ajc.jpg,无,True,无,无,2020-09-14 19:44,iPhone客户端,1,0,0
JhPn8qlpm,今天中午的鸡腿🍗真整整齐齐  原图 ,,http://wx3.sinaimg.cn/large/c07fd0f2ly1gi56x0qrzlj22c0340hdt.jpg,无,True,无,无,2020-08-27 11:06,iPhone客户端,0,0,0
Jfacu8DGi,或许还有救  [组图共2张] 原图 ,,"http://ww3.sinaimg.cn/large/c07fd0f2ly1ghkxpi4w1kj20u0140149.jpg,http://ww4.sinaimg.cn/large/c07fd0f2ly1ghkxpjy0wfj20u0140n4q.jpg",无,True,无,无,2020-08-09 22:37,iPhone客户端,1,0,0
J90mwEUJp,"转发理由:转发微博  
原始用户: 北京人不知道的北京事儿
转发内容: 【刘德华被低估的歌：《十七岁》混剪】周润发、张国荣、刘德华、梁朝伟、黎明、张学友、周星驰、钟镇涛、金城武、古天乐、郑伊健……一句歌词一张脸，珠流璧转，青春的莽撞已无人挂念。“我的震音假音早已太熟练。如今我四十看从前，沙哑了声线。”（by音乐铺子）音乐铺子的微博视频   ",,无,无,False,无,无,2020-06-30 10:32,iPhone客户端,0,0,0
J7dXDmWzy,去舅妈家偷桃子  [组图共4张] 原图 ,,"http://ww1.sinaimg.cn/large/c07fd0f2ly1gfwkm48vr1j20u01hcqcn.jpg,http://ww1.sinaimg.cn/large/c07fd0f2ly1gfwkm5sqv8j22c03407wh.jpg,http://ww1.sinaimg.cn/large/c07fd0f2ly1gfwkm3xg6gj20ku194jyo.jpg,http://ww1.sinaimg.cn/large/c07fd0f2ly1gfwkm6u6v5j20ku194jyr.jpg",无,True,无,无,2020-06-18 17:29,iPhone客户端,0,0,2
J4l9aqtG3,Hello！genuine teeth ……  原图 ,,http://wx1.sinaimg.cn/large/c07fd0f2ly1gfan6qqx54j23402c04qs.jpg,无,True,无,无,2020-05-30 18:15,iPhone客户端,3,0,0
J3CD8kxDL,"转发理由:转发微博  
原始用户: l熊熊l小样l
转发内容: 韩剧：请回答1988德善比较缺爱，只有阿泽的偏爱最适合她了 苏拉蹦恰恰l的微博视频  ",,无,无,False,无,无,2020-05-26 00:56,iPhone客户端,0,0,0
J0tQIuGWZ,韭菜真的是让人钦佩的植物，园子里的韭菜割完20天他又又又长成这样，如此茁壮，就像从来没有被割过一样  原图 ,,http://wx1.sinaimg.cn/large/c07fd0f2ly1gehar66sfzj22c0340kjl.jpg,无,True,无,无,2020-05-05 09:04,iPhone客户端,0,0,0
J0jQDbXWI,这次当完伴娘，老娘就金盆洗手了，从此退出江湖，再也不干了～～友情出演N次伴娘后的恐慌，嫁不出去怎么办[Emm][Emm][Emm][Emm]@听说微博的昵称最长可以有这么长  原图 ,,http://wx3.sinaimg.cn/large/c07fd0f2ly1geg2llzsbwj22c0340kjl.jpg,无,True,无,无,2020-05-04 07:36,iPhone客户端,2,0,2
IFKX37s18,棒棒哒，好评@听说微博的昵称最长可以有这么长  [组图共2张] 原图 ,,"http://ww3.sinaimg.cn/large/c07fd0f2ly1gec3refbc1j22c0340npd.jpg,http://ww3.sinaimg.cn/large/c07fd0f2ly1gec3rc50e7j22c03404n1.jpg",无,True,无,无,2020-04-30 21:14,iPhone客户端,0,0,0
IE1Xovu8d,给我一个窝窝，我就能吞下整个春天～～（四月槐花窝窝+三月榆钱窝窝）  [组图共2张] 原图 ,,"http://ww4.sinaimg.cn/large/c07fd0f2ly1gdyzby9qphj22c0340b29.jpg,http://ww3.sinaimg.cn/large/c07fd0f2ly1gdyzbvnm9aj22c0340b29.jpg",无,True,无,无,2020-04-19 12:51,iPhone客户端,2,0,0
IDbLJuL04,养生少女日常生姜泡脚@听说微博的昵称最长可以有这么长  原图 ,,http://wx3.sinaimg.cn/large/c07fd0f2ly1gdskzn4xrlj22c03404qp.jpg,无,True,无,无,2020-04-13 23:59,iPhone客户端,1,0,0
IAdU5fPj1,圈在家里吃上了榆钱窝窝Yummy  [组图共2张] 原图 ,,"http://ww4.sinaimg.cn/large/c07fd0f2ly1gd619i1ylqj22c0340b29.jpg,http://ww3.sinaimg.cn/large/c07fd0f2ly1gd619ktjrxj22c0340b29.jpg",无,True,无,无,2020-03-25 11:55,iPhone客户端,1,0,0
IzBgmg21M,我给自己做的早饭🥣嗯，我真优秀@听说微博的昵称最长可以有这么长  原图 ,,http://wx4.sinaimg.cn/large/c07fd0f2ly1gd1aowdgm2j20ts1gx1b0.jpg,无,True,无,无,2020-03-21 09:32,iPhone客户端,1,0,2
IyGAwcRim,You're not lateYou're not earlyYou're very much on time，and in you time zone density set up for you .  原图 ,,http://wx3.sinaimg.cn/large/c07fd0f2ly1gcucd9qjbrj20u01fk78m.jpg,无,True,无,无,2020-03-15 09:15,iPhone客户端,1,0,0
IvOuapW94,在家啃老的日子我是我妈喂的一头猪  [组图共9张] 原图 ,,"http://ww1.sinaimg.cn/large/c07fd0f2ly1gc8i6bhwrvj22c03404qq.jpg,http://ww2.sinaimg.cn/large/c07fd0f2ly1gc8i6dmi9pj22c0340b29.jpg,http://ww2.sinaimg.cn/large/c07fd0f2ly1gc8i6g9hsaj22c0340u0y.jpg,http://ww3.sinaimg.cn/large/c07fd0f2ly1gc8i6ing61j22c0340e81.jpg,http://ww3.sinaimg.cn/large/c07fd0f2ly1gc8i6l7enxj22c0340b2a.jpg,http://ww1.sinaimg.cn/large/c07fd0f2ly1gc8i6ooga7j22c0340x6p.jpg,http://ww2.sinaimg.cn/large/c07fd0f2ly1gc8i6r6y87j22c0340kjl.jpg,http://ww3.sinaimg.cn/large/c07fd0f2ly1gc8i6twbwpj22c0340kjm.jpg,http://ww4.sinaimg.cn/large/c07fd0f2ly1gc8i690832j22c0340qv5.jpg",无,True,无,无,2020-02-25 11:51,iPhone客户端,0,0,0
IuAQNxHu9,我在三爷院里偷的芹菜哦，我的上帝呀I love my village   原图 ,,http://wx3.sinaimg.cn/large/c07fd0f2ly1gbz89q5fbej20nj15tk4n.jpg,无,True,无,无,2020-02-17 11:18,iPhone客户端,1,0,0
Iu1TsdPM5,今日份酸辣粉我真是一个平淡无奇的小天才，快夸我@听说微博的昵称最长可以有这么长  原图 ,,http://wx1.sinaimg.cn/large/c07fd0f2ly1gbuxxrfh01j22c0340npd.jpg,无,True,无,无,2020-02-13 18:18,iPhone客户端,1,0,0
It73o6kfN,土豆饼我真是一个小天才@听说微博的昵称最长可以有这么长  [组图共2张] 原图 ,,"http://ww4.sinaimg.cn/large/c07fd0f2ly1gbnz0t46yxj22c0340kjm.jpg,http://ww4.sinaimg.cn/large/c07fd0f2ly1gbnz0ycyyjj22c0340e82.jpg",无,True,无,无,2020-02-07 17:36,iPhone客户端,1,0,0
IoF9xrej2,"转发理由:@听说微博的昵称最长可以有这么长  
原始用户: 辣妈教室
转发内容: #当90后当了老师# 当老师的快乐你无法想象孩子果然是人类快乐源泉哈哈哈  他只是个孩子啊的微博视频  ",,无,无,False,无,无,2020-01-09 11:13,iPhone客户端,0,0,0
IiLgbeKNQ,"转发理由:转发微博  
原始用户: 北京科技大学
转发内容: #北京高校事##北京初雪# 初雪北科 美景回顾！开始期待第二场雪了呢❄️☃ 📸摄影：@怕热的胖子2015   @Mr·Js  [组图共9张] 原图 ",,无,"http://ww4.sinaimg.cn/large/6e056fb1ly1g9h7gbkprzj20u00k0wsr.jpg,http://ww3.sinaimg.cn/large/6e056fb1ly1g9h7gezgksj21hc0u0nnw.jpg,http://ww2.sinaimg.cn/large/6e056fb1ly1g9h7gc5id6j20u00gw7g8.jpg,http://ww3.sinaimg.cn/large/6e056fb1ly1g9h7gludyvj20u0190b29.jpg,http://ww4.sinaimg.cn/large/6e056fb1ly1g9h7gxwjq3j21hc0u01kx.jpg,http://ww1.sinaimg.cn/large/6e056fb1ly1g9h7gymydzj20u00k0h3t.jpg,http://ww1.sinaimg.cn/large/6e056fb1ly1g9h7h3n3qrj21hc0u07wh.jpg,http://ww2.sinaimg.cn/large/6e056fb1ly1g9h7h255nqj21900u0e6l.jpg,http://ww1.sinaimg.cn/large/6e056fb1ly1g9h7hcozqvj237b4syb2c.jpg",False,无,无,2019-12-01 15:44,iPhone客户端,3,0,2
IiBCK6BPm,吃我一记擒拿手  [组图共2张] 原图 ,,"http://ww4.sinaimg.cn/large/c07fd0f2ly1g9g34f3fvlj22c0340npd.jpg,http://ww3.sinaimg.cn/large/c07fd0f2ly1g9g34d6z0aj22c03401kx.jpg",无,True,无,无,2019-11-30 15:12,iPhone客户端,0,0,2
IiAmdipWm,初雪❄️后的校园  原图 ,,http://wx3.sinaimg.cn/large/c07fd0f2ly1g9fxj5gfoij21901o0u0z.jpg,无,True,无,无,2019-11-30 11:59,iPhone客户端,1,0,0
